cod_pessoa,des_cidade,des_estado,dt_nascimento
R0001,Salvador,BA,1996-08-15
R0002,Recife,PE,1968-01-26
R0003,Fortaleza,CE,1987-02-25
R0004,São Paulo,SP,1996-02-11
R0005,Rio de Janeiro,RJ,2002-09-20
R0006,Curitiba,PR,1969-06-05
R0007,Belém,PA,1987-01-03
R0008,Goiânia,GO,1972-11-26
R0009,Salvador,BA,1983-04-09
R0010,Recife,PE,1975-02-09
R0011,Fortaleza,CE,1965-04-25
R0012,São Paulo,SP,1971-01-17
R0013,Rio de Janeiro,RJ,1992-01-03
R0014,Curitiba,PR,1998-12-03
R0015,Belém,PA,1992-02-02
R0016,Goiânia,GO,1992-03-24
R0017,Salvador,BA,1976-12-11
R0018,Recife,PE,1992-11-25
R0019,Fortaleza,CE,1969-05-10
R0020,São Paulo,SP,1987-02-19
R0021,Rio de Janeiro,RJ,1988-01-08
R0022,Curitiba,PR,1977-08-10
R0023,Belém,PA,1982-12-05
R0024,Goiânia,GO,1966-04-22
R0025,Salvador,BA,2000-02-09
R0026,Recife,PE,1965-08-09
R0027,Fortaleza,CE,1997-04-20
R0028,São Paulo,SP,1986-02-18
R0029,Rio de Janeiro,RJ,1983-05-20
R0030,Curitiba,PR,1967-12-10
R0031,Belém,PA,1968-09-03
R0032,Goiânia,GO,1967-06-04
R0033,Salvador,BA,1965-08-03
R0034,Recife,PE,1991-08-07
R0035,Fortaleza,CE,1988-12-05
R0036,São Paulo,SP,1981-04-05
R0037,Rio de Janeiro,RJ,1991-07-05
R0038,Curitiba,PR,1978-05-22
R0039,Belém,PA,1997-12-02
R0040,Goiânia,GO,1973-11-07
R0041,Salvador,BA,1973-11-15
R0042,Recife,PE,1988-04-10
R0043,Fortaleza,CE,1973-01-09
R0044,São Paulo,SP,1983-03-02
R0045,Rio de Janeiro,RJ,1969-09-15
R0046,Curitiba,PR,1965-04-20
R0047,Belém,PA,2001-12-06
R0048,Goiânia,GO,1982-08-15
R0049,Salvador,BA,1969-04-08
R0050,Recife,PE,1975-04-15
R0051,Fortaleza,CE,1985-11-13
R0052,São Paulo,SP,1982-01-16
R0053,Rio de Janeiro,RJ,1994-01-20
R0054,Curitiba,PR,1991-12-24
R0055,Belém,PA,2002-12-22
R0056,Goiânia,GO,1995-10-07
R0057,Salvador,BA,1996-08-21
R0058,Recife,PE,1978-06-26
R0059,Fortaleza,CE,1981-11-23
R0060,São Paulo,SP,1974-11-20
