nr_ciclo,des_kpi,des_marca,vlr_kpi
202501,base,total,25
202501,base_ativa,total,1
202501,ativas,total,24
202501,inicio,total,25
202501,reinicio,total,1
202501,perda,total,1
202501,gmv,BOTI,7418.07
202501,compradores,BOTI,25
202501,gmv,EUD,4196.08
202501,compradores,EUD,18
202501,gmv,OUI,1097.95
202501,compradores,OUI,8
202501,gmv,QDB,1850.90
202501,compradores,QDB,15
202502,base,total,42
202502,base_ativa,total,25
202502,ativas,total,24
202502,inicio,total,14
202502,reinicio,total,1
202502,perda,total,1
202502,gmv,BOTI,6481.45
202502,compradores,BOTI,25
202502,gmv,EUD,5370.01
202502,compradores,EUD,18
202502,gmv,OUI,1076.45
202502,compradores,OUI,5
202502,gmv,QDB,3368.12
202502,compradores,QDB,11
202503,base,total,44
202503,base_ativa,total,38
202503,ativas,total,25
202503,inicio,total,5
202503,reinicio,total,1
202503,perda,total,1
202503,gmv,BOTI,6457.09
202503,compradores,BOTI,23
202503,gmv,EUD,3337.55
202503,compradores,EUD,15
202503,gmv,OUI,1226.51
202503,compradores,OUI,8
202503,gmv,QDB,1026.53
202503,compradores,QDB,6
202504,base,total,50
202504,base_ativa,total,43
202504,ativas,total,26
202504,inicio,total,7
202504,reinicio,total,1
202504,perda,total,1
202504,gmv,BOTI,7358.73
202504,compradores,BOTI,24
202504,gmv,EUD,4487.58
202504,compradores,EUD,16
202504,gmv,OUI,430.08
202504,compradores,OUI,3
202504,gmv,QDB,2126.67
202504,compradores,QDB,11
202505,base,total,53
202505,base_ativa,total,53
202505,ativas,total,25
202505,inicio,total,4
202505,reinicio,total,1
202505,perda,total,1
202505,gmv,BOTI,6532.80
202505,compradores,BOTI,25
202505,gmv,EUD,3541.76
202505,compradores,EUD,14
202505,gmv,OUI,1620.22
202505,compradores,OUI,12
202505,gmv,QDB,3943.95
202505,compradores,QDB,10
202506,base,total,55
202506,base_ativa,total,59
202506,ativas,total,22
202506,inicio,total,2
202506,reinicio,total,1
202506,perda,total,1
202506,gmv,BOTI,8153.26
202506,compradores,BOTI,22
202506,gmv,EUD,3287.29
202506,compradores,EUD,15
202506,gmv,OUI,802.61
202506,compradores,OUI,6
202506,gmv,QDB,2607.80
202506,compradores,QDB,9
202507,base,total,60
202507,base_ativa,total,59
202507,ativas,total,28
202507,inicio,total,1
202507,reinicio,total,1
202507,perda,total,1
202507,gmv,BOTI,7452.83
202507,compradores,BOTI,26
202507,gmv,EUD,6149.05
202507,compradores,EUD,23
202507,gmv,OUI,1400.97
202507,compradores,OUI,7
202507,gmv,QDB,1666.70
202507,compradores,QDB,9
202508,base,total,58
202508,base_ativa,total,56
202508,ativas,total,20
202508,inicio,total,1
202508,reinicio,total,1
202508,perda,total,2
202508,gmv,BOTI,4789.83
202508,compradores,BOTI,19
202508,gmv,EUD,1974.17
202508,compradores,EUD,10
202508,gmv,OUI,972.72
202508,compradores,OUI,5
202508,gmv,QDB,1893.50
202508,compradores,QDB,5
202509,base,total,56
202509,base_ativa,total,56
202509,ativas,total,26
202509,inicio,total,2
202509,reinicio,total,1
202509,perda,total,1
202509,gmv,BOTI,7454.79
202509,compradores,BOTI,24
202509,gmv,EUD,3717.27
202509,compradores,EUD,12
202509,gmv,OUI,964.73
202509,compradores,OUI,4
202509,gmv,QDB,3127.25
202509,compradores,QDB,13
202510,base,total,60
202510,base_ativa,total,60
202510,ativas,total,30
202510,inicio,total,1
202510,reinicio,total,1
202510,perda,total,1
202510,gmv,BOTI,8381.11
202510,compradores,BOTI,30
202510,gmv,EUD,5556.78
202510,compradores,EUD,19
202510,gmv,OUI,1251.38
202510,compradores,OUI,8
202510,gmv,QDB,2815.30
202510,compradores,QDB,10
202511,base,total,57
202511,base_ativa,total,58
202511,ativas,total,29
202511,inicio,total,1
202511,reinicio,total,1
202511,perda,total,3
202511,gmv,BOTI,7866.21
202511,compradores,BOTI,23
202511,gmv,EUD,5649.93
202511,compradores,EUD,16
202511,gmv,OUI,697.29
202511,compradores,OUI,7
202511,gmv,QDB,1981.40
202511,compradores,QDB,9
202512,base,total,56
202512,base_ativa,total,57
202512,ativas,total,24
202512,inicio,total,1
202512,reinicio,total,3
202512,perda,total,3
202512,gmv,BOTI,7395.99
202512,compradores,BOTI,24
202512,gmv,EUD,3193.33
202512,compradores,EUD,11
202512,gmv,OUI,1263.51
202512,compradores,OUI,9
202512,gmv,QDB,737.20
202512,compradores,QDB,9
202513,base,total,55
202513,base_ativa,total,53
202513,ativas,total,22
202513,inicio,total,1
202513,reinicio,total,1
202513,perda,total,1
202513,gmv,BOTI,4605.17
202513,compradores,BOTI,21
202513,gmv,EUD,4418.18
202513,compradores,EUD,17
202513,gmv,OUI,651.95
202513,compradores,OUI,5
202513,gmv,QDB,3659.33
202513,compradores,QDB,10
202514,base,total,54
202514,base_ativa,total,54
202514,ativas,total,24
202514,inicio,total,1
202514,reinicio,total,1
202514,perda,total,1
202514,gmv,BOTI,4627.61
202514,compradores,BOTI,21
202514,gmv,EUD,5135.95
202514,compradores,EUD,16
202514,gmv,OUI,609.17
202514,compradores,OUI,6
202514,gmv,QDB,2685.59
202514,compradores,QDB,10
202515,base,total,54
202515,base_ativa,total,56
202515,ativas,total,23
202515,inicio,total,1
202515,reinicio,total,1
202515,perda,total,2
202515,gmv,BOTI,5735.99
202515,compradores,BOTI,23
202515,gmv,EUD,4407.59
202515,compradores,EUD,13
202515,gmv,OUI,868.46
202515,compradores,OUI,5
202515,gmv,QDB,1569.52
202515,compradores,QDB,10
202516,base,total,57
202516,base_ativa,total,53
202516,ativas,total,31
202516,inicio,total,1
202516,reinicio,total,4
202516,perda,total,1
202516,gmv,BOTI,9533.53
202516,compradores,BOTI,29
202516,gmv,EUD,5823.39
202516,compradores,EUD,23
202516,gmv,OUI,1534.01
202516,compradores,OUI,8
202516,gmv,QDB,4804.71
202516,compradores,QDB,19
202517,base,total,60
202517,base_ativa,total,56
202517,ativas,total,25
202517,inicio,total,1
202517,reinicio,total,1
202517,perda,total,3
202517,gmv,BOTI,6104.13
202517,compradores,BOTI,26
202517,gmv,EUD,4558.50
202517,compradores,EUD,17
202517,gmv,OUI,679.39
202517,compradores,OUI,6
202517,gmv,QDB,1138.71
202517,compradores,QDB,6
