nr_ciclo,dt_pedido,cod_pedido,cod_rev,des_meio_captacao,cod_sku,vlr_volume,vlr_desconto,vlr_gmv
202501,2025-01-08,PED-202501-00001,R0001,Força de Venda,SKU1012,2,1.52,46.26
202501,2025-01-08,PED-202501-00001,R0001,App,SKU1016,1,3.28,25.11
202501,2025-01-10,PED-202501-00002,R0004,Força de Venda,SKU1004,3,6.33,171.18
202501,2025-01-10,PED-202501-00002,R0004,Força de Venda,SKU1010,3,8.00,103.15
202501,2025-01-10,PED-202501-00002,R0004,Força de Venda,SKU1017,5,5.33,160.22
202501,2025-01-14,PED-202501-00003,R0005,App,SKU1003,3,24.36,443.10
202501,2025-01-05,PED-202501-00004,R0006,App,SKU1005,4,13.69,114.87
202501,2025-01-05,PED-202501-00004,R0006,Força de Venda,SKU1002,2,2.22,160.58
202501,2025-01-05,PED-202501-00004,R0006,App,SKU1010,4,12.89,135.31
202501,2025-01-23,PED-202501-00005,R0008,ER,SKU1002,2,5.56,157.24
202501,2025-01-23,PED-202501-00005,R0008,Força de Venda,SKU1005,1,1.14,31.00
202501,2025-01-23,PED-202501-00005,R0008,App,SKU1010,5,1.17,184.08
202501,2025-01-23,PED-202501-00005,R0008,ER,SKU1008,5,34.69,537.76
202501,2025-01-23,PED-202501-00005,R0008,ER,SKU1012,5,9.16,110.29
202501,2025-01-23,PED-202501-00005,R0008,Força de Venda,SKU1016,1,3.31,25.08
202501,2025-01-22,PED-202501-00006,R0009,Força de Venda,SKU1006,2,22.05,218.13
202501,2025-01-22,PED-202501-00006,R0009,App,SKU1009,4,21.00,181.40
202501,2025-01-22,PED-202501-00006,R0009,Força de Venda,SKU1015,2,12.44,307.04
202501,2025-01-22,PED-202501-00006,R0009,ER,SKU1016,3,5.95,79.22
202501,2025-01-21,PED-202501-00007,R0010,App,SKU1006,2,4.87,235.31
202501,2025-01-21,PED-202501-00007,R0010,App,SKU1010,3,3.61,107.54
202501,2025-01-21,PED-202501-00008,R0011,ER,SKU1002,2,8.04,154.76
202501,2025-01-21,PED-202501-00008,R0011,App,SKU1009,5,11.13,241.87
202501,2025-01-21,PED-202501-00008,R0011,App,SKU1007,1,6.49,56.96
202501,2025-01-21,PED-202501-00008,R0011,Força de Venda,SKU1017,1,3.97,29.14
202501,2025-01-21,PED-202501-00008,R0011,Força de Venda,SKU1018,5,30.51,644.14
202501,2025-01-16,PED-202501-00009,R0012,Força de Venda,SKU1003,4,62.28,561.00
202501,2025-01-16,PED-202501-00009,R0012,Força de Venda,SKU1010,1,2.32,34.73
202501,2025-01-16,PED-202501-00009,R0012,App,SKU1009,1,5.35,45.25
202501,2025-01-16,PED-202501-00009,R0012,ER,SKU1017,4,5.62,126.82
202501,2025-01-12,PED-202501-00010,R0015,App,SKU1002,2,4.22,158.58
202501,2025-01-12,PED-202501-00010,R0015,App,SKU1008,4,42.86,415.10
202501,2025-01-12,PED-202501-00010,R0015,App,SKU1012,5,12.12,107.33
202501,2025-01-10,PED-202501-00011,R0017,App,SKU1004,5,8.65,287.20
202501,2025-01-10,PED-202501-00011,R0017,ER,SKU1015,1,7.12,152.62
202501,2025-01-06,PED-202501-00012,R0021,ER,SKU1004,2,0.28,118.06
202501,2025-01-06,PED-202501-00012,R0021,Força de Venda,SKU1008,2,23.69,205.29
202501,2025-01-14,PED-202501-00013,R0022,App,SKU1009,2,7.89,93.31
202501,2025-01-14,PED-202501-00013,R0022,App,SKU1014,5,21.96,244.14
202501,2025-01-14,PED-202501-00013,R0022,App,SKU1012,3,7.60,64.07
202501,2025-01-14,PED-202501-00013,R0022,App,SKU1016,3,5.50,79.67
202501,2025-01-04,PED-202501-00014,R0023,Força de Venda,SKU1006,5,4.30,596.15
202501,2025-01-04,PED-202501-00014,R0023,ER,SKU1009,2,1.01,100.19
202501,2025-01-04,PED-202501-00014,R0023,ER,SKU1007,4,2.87,250.93
202501,2025-01-21,PED-202501-00015,R0025,App,SKU1006,3,38.57,321.70
202501,2025-01-21,PED-202501-00015,R0025,Força de Venda,SKU1005,2,1.24,63.04
202501,2025-01-21,PED-202501-00015,R0025,App,SKU1017,1,0.40,32.71
202501,2025-01-17,PED-202501-00016,R0028,App,SKU1002,5,17.04,389.96
202501,2025-01-17,PED-202501-00016,R0028,Força de Venda,SKU1016,2,2.34,54.44
202501,2025-01-13,PED-202501-00017,R0030,App,SKU1005,1,2.22,29.92
202501,2025-01-13,PED-202501-00017,R0030,ER,SKU1003,4,52.84,570.44
202501,2025-01-13,PED-202501-00017,R0030,App,SKU1008,1,11.41,103.08
202501,2025-01-13,PED-202501-00017,R0030,App,SKU1012,3,0.38,71.29
202501,2025-01-13,PED-202501-00017,R0030,App,SKU1017,2,2.78,63.44
202501,2025-01-11,PED-202501-00018,R0031,Força de Venda,SKU1003,5,44.77,734.33
202501,2025-01-11,PED-202501-00018,R0031,App,SKU1016,3,7.49,77.68
202501,2025-01-11,PED-202501-00019,R0033,ER,SKU1003,2,22.31,289.33
202501,2025-01-11,PED-202501-00019,R0033,App,SKU1008,4,19.31,438.65
202501,2025-01-11,PED-202501-00019,R0033,ER,SKU1013,3,9.39,203.73
202501,2025-01-15,PED-202501-00020,R0035,App,SKU1004,1,5.66,53.51
202501,2025-01-15,PED-202501-00020,R0035,ER,SKU1007,2,6.17,120.73
202501,2025-01-15,PED-202501-00020,R0035,Força de Venda,SKU1015,2,6.82,312.66
202501,2025-01-15,PED-202501-00020,R0035,ER,SKU1018,2,13.98,255.88
202501,2025-01-06,PED-202501-00021,R0039,ER,SKU1004,2,0.33,118.01
202501,2025-01-06,PED-202501-00021,R0039,Força de Venda,SKU1014,4,10.53,202.35
202501,2025-01-06,PED-202501-00021,R0039,Força de Venda,SKU1019,1,4.57,56.06
202501,2025-01-06,PED-202501-00021,R0039,ER,SKU1018,1,15.03,119.90
202501,2025-01-12,PED-202501-00022,R0042,ER,SKU1005,5,4.85,155.85
202501,2025-01-12,PED-202501-00022,R0042,ER,SKU1017,4,2.26,130.18
202501,2025-01-08,PED-202501-00023,R0047,ER,SKU1004,4,12.84,223.84
202501,2025-01-08,PED-202501-00023,R0047,App,SKU1007,3,12.29,178.06
202501,2025-01-08,PED-202501-00023,R0047,ER,SKU1016,4,2.99,110.57
202501,2025-01-07,PED-202501-00024,R0048,App,SKU1004,2,9.44,108.90
202501,2025-01-07,PED-202501-00024,R0048,ER,SKU1007,5,17.65,299.60
202501,2025-01-09,PED-202501-00025,R0054,Força de Venda,SKU1003,1,2.11,153.71
202501,2025-01-04,PED-202501-00026,R0058,ER,SKU1001,4,24.75,218.89
202501,2025-01-04,PED-202501-00026,R0058,ER,SKU1008,2,7.24,221.74
202501,2025-01-04,PED-202501-00026,R0058,Força de Venda,SKU1016,4,5.10,108.46
202502,2025-02-06,PED-202502-00027,R0001,ER,SKU1001,2,9.07,112.75
202502,2025-02-06,PED-202502-00027,R0001,App,SKU1010,1,4.00,33.05
202502,2025-02-06,PED-202502-00027,R0001,Força de Venda,SKU1019,4,7.15,235.37
202502,2025-01-29,PED-202502-00028,R0005,Força de Venda,SKU1003,2,14.24,297.40
202502,2025-01-29,PED-202502-00028,R0005,App,SKU1010,5,7.67,177.58
202502,2025-01-29,PED-202502-00028,R0005,Força de Venda,SKU1007,4,16.28,237.52
202502,2025-01-31,PED-202502-00029,R0006,App,SKU1004,2,9.80,108.54
202502,2025-01-31,PED-202502-00029,R0006,Força de Venda,SKU1018,4,7.64,532.08
202502,2025-02-11,PED-202502-00030,R0007,ER,SKU1001,1,3.85,57.06
202502,2025-02-11,PED-202502-00030,R0007,Força de Venda,SKU1008,4,41.92,416.04
202502,2025-02-11,PED-202502-00030,R0007,App,SKU1015,4,13.30,625.66
202502,2025-02-11,PED-202502-00030,R0007,Força de Venda,SKU1016,3,2.28,82.89
202502,2025-01-27,PED-202502-00031,R0009,App,SKU1003,2,0.70,310.94
202502,2025-01-27,PED-202502-00031,R0009,App,SKU1001,4,21.38,222.26
202502,2025-01-27,PED-202502-00031,R0009,App,SKU1008,2,5.97,223.01
202502,2025-02-06,PED-202502-00032,R0010,App,SKU1002,2,19.26,143.54
202502,2025-02-06,PED-202502-00032,R0010,ER,SKU1009,5,12.89,240.11
202502,2025-02-06,PED-202502-00032,R0010,ER,SKU1015,2,34.19,285.29
202502,2025-02-01,PED-202502-00033,R0011,App,SKU1001,4,10.97,232.67
202502,2025-02-01,PED-202502-00033,R0011,ER,SKU1005,4,4.60,123.96
202502,2025-02-01,PED-202502-00033,R0011,App,SKU1007,3,0.04,190.31
202502,2025-02-01,PED-202502-00033,R0011,App,SKU1017,2,0.81,65.41
202502,2025-02-01,PED-202502-00033,R0011,App,SKU1020,3,4.52,331.84
202502,2025-02-01,PED-202502-00033,R0011,ER,SKU1018,4,46.71,493.01
202502,2025-01-31,PED-202502-00034,R0013,App,SKU1002,2,18.66,144.14
202502,2025-01-31,PED-202502-00034,R0013,ER,SKU1010,4,13.31,134.89
202502,2025-02-06,PED-202502-00035,R0014,ER,SKU1006,3,35.82,324.45
202502,2025-02-06,PED-202502-00035,R0014,ER,SKU1019,3,2.29,179.60
202502,2025-02-10,PED-202502-00036,R0015,App,SKU1005,4,3.98,124.58
202502,2025-02-10,PED-202502-00036,R0015,App,SKU1001,3,21.46,161.27
202502,2025-02-10,PED-202502-00036,R0015,App,SKU1011,2,28.27,220.93
202502,2025-02-10,PED-202502-00036,R0015,Força de Venda,SKU1016,5,8.21,133.74
202502,2025-02-13,PED-202502-00037,R0017,Força de Venda,SKU1006,1,8.06,112.03
202502,2025-02-13,PED-202502-00037,R0017,App,SKU1008,4,46.24,411.72
202502,2025-02-13,PED-202502-00037,R0017,Força de Venda,SKU1017,1,0.21,32.90
202502,2025-01-26,PED-202502-00038,R0019,App,SKU1004,2,13.40,104.94
202502,2025-01-28,PED-202502-00039,R0024,ER,SKU1005,4,8.74,119.82
202502,2025-01-28,PED-202502-00039,R0024,App,SKU1001,3,11.33,171.40
202502,2025-01-28,PED-202502-00039,R0024,Força de Venda,SKU1014,5,31.89,234.21
202502,2025-01-28,PED-202502-00039,R0024,ER,SKU1015,2,12.91,306.57
202502,2025-01-30,PED-202502-00040,R0025,Força de Venda,SKU1004,5,13.73,282.12
202502,2025-01-30,PED-202502-00040,R0025,App,SKU1011,3,17.03,356.77
202502,2025-01-30,PED-202502-00040,R0025,ER,SKU1018,3,45.05,359.74
202502,2025-02-05,PED-202502-00041,R0026,ER,SKU1006,3,40.01,320.26
202502,2025-02-05,PED-202502-00041,R0026,App,SKU1015,5,58.96,739.74
202502,2025-02-05,PED-202502-00041,R0026,Força de Venda,SKU1020,1,9.71,102.41
202502,2025-02-05,PED-202502-00041,R0026,Força de Venda,SKU1019,4,20.29,222.23
202502,2025-02-07,PED-202502-00042,R0031,ER,SKU1005,3,6.49,89.93
202502,2025-02-07,PED-202502-00042,R0031,Força de Venda,SKU1012,5,1.21,118.24
202502,2025-02-07,PED-202502-00042,R0031,Força de Venda,SKU1017,3,5.52,93.81
202502,2025-02-07,PED-202502-00042,R0031,App,SKU1015,3,36.40,442.82
202502,2025-02-01,PED-202502-00043,R0032,ER,SKU1011,4,39.80,458.60
202502,2025-02-01,PED-202502-00043,R0032,App,SKU1014,3,16.29,143.37
202502,2025-01-30,PED-202502-00044,R0038,ER,SKU1005,4,3.94,124.62
202502,2025-01-30,PED-202502-00044,R0038,ER,SKU1010,4,5.83,142.37
202502,2025-01-26,PED-202502-00045,R0039,ER,SKU1006,4,17.28,463.08
202502,2025-01-26,PED-202502-00045,R0039,App,SKU1011,1,0.47,124.13
202502,2025-01-26,PED-202502-00045,R0039,ER,SKU1013,5,21.10,334.10
202502,2025-01-26,PED-202502-00045,R0039,ER,SKU1016,2,2.07,54.71
202502,2025-02-01,PED-202502-00046,R0043,App,SKU1002,5,23.45,383.55
202502,2025-02-01,PED-202502-00046,R0043,ER,SKU1007,2,4.31,122.59
202502,2025-02-01,PED-202502-00046,R0043,App,SKU1014,5,22.32,243.78
202502,2025-01-25,PED-202502-00047,R0045,App,SKU1003,4,17.55,605.73
202502,2025-01-25,PED-202502-00047,R0045,Força de Venda,SKU1002,2,8.48,154.32
202502,2025-01-25,PED-202502-00047,R0045,ER,SKU1009,3,17.34,134.46
202502,2025-02-12,PED-202502-00048,R0047,ER,SKU1004,1,5.94,53.23
202502,2025-02-12,PED-202502-00048,R0047,ER,SKU1008,4,16.82,441.14
202502,2025-02-12,PED-202502-00048,R0047,ER,SKU1007,4,16.39,237.41
202502,2025-02-12,PED-202502-00048,R0047,Força de Venda,SKU1017,2,7.83,58.39
202502,2025-02-03,PED-202502-00049,R0049,ER,SKU1002,5,38.88,368.12
202502,2025-02-03,PED-202502-00049,R0049,ER,SKU1011,3,0.93,372.87
202502,2025-02-03,PED-202502-00049,R0049,App,SKU1015,2,10.72,308.76
202502,2025-01-28,PED-202502-00050,R0053,ER,SKU1005,4,11.55,117.01
202502,2025-01-28,PED-202502-00050,R0053,App,SKU1002,1,6.85,74.55
202502,2025-02-09,PED-202502-00051,R0059,ER,SKU1005,1,2.01,30.13
202502,2025-01-25,PED-202502-00052,R0060,Força de Venda,SKU1009,5,7.87,245.13
202502,2025-01-25,PED-202502-00052,R0060,Força de Venda,SKU1017,5,3.34,162.21
202503,2025-03-05,PED-202503-00053,R0001,ER,SKU1006,3,6.01,354.26
202503,2025-03-05,PED-202503-00053,R0001,Força de Venda,SKU1008,3,24.82,318.65
202503,2025-02-26,PED-202503-00054,R0003,ER,SKU1006,3,36.22,324.05
202503,2025-03-01,PED-202503-00055,R0004,ER,SKU1006,1,0.47,119.62
202503,2025-03-01,PED-202503-00055,R0004,App,SKU1011,2,12.05,237.15
202503,2025-03-01,PED-202503-00055,R0004,App,SKU1014,2,0.55,105.89
202503,2025-03-02,PED-202503-00056,R0005,ER,SKU1004,5,27.46,268.39
202503,2025-03-02,PED-202503-00056,R0005,Força de Venda,SKU1001,4,24.41,219.23
202503,2025-03-02,PED-202503-00056,R0005,ER,SKU1014,4,22.01,190.87
202503,2025-02-15,PED-202503-00057,R0006,Força de Venda,SKU1004,2,1.23,117.11
202503,2025-02-15,PED-202503-00057,R0006,Força de Venda,SKU1009,1,2.19,48.41
202503,2025-02-15,PED-202503-00057,R0006,App,SKU1012,4,7.71,87.85
202503,2025-02-26,PED-202503-00058,R0007,ER,SKU1002,5,45.01,361.99
202503,2025-02-26,PED-202503-00058,R0007,App,SKU1017,1,3.88,29.23
202503,2025-03-01,PED-202503-00059,R0008,ER,SKU1006,4,16.51,463.85
202503,2025-03-01,PED-202503-00059,R0008,ER,SKU1010,3,9.21,101.94
202503,2025-03-01,PED-202503-00060,R0011,App,SKU1002,2,18.55,144.25
202503,2025-03-01,PED-202503-00060,R0011,Força de Venda,SKU1003,2,7.98,303.66
202503,2025-03-01,PED-202503-00060,R0011,ER,SKU1010,4,6.21,141.99
202503,2025-02-23,PED-202503-00061,R0013,App,SKU1002,1,6.33,75.07
202503,2025-03-02,PED-202503-00062,R0014,Força de Venda,SKU1006,3,1.88,358.39
202503,2025-03-02,PED-202503-00062,R0014,ER,SKU1001,4,11.82,231.82
202503,2025-03-02,PED-202503-00062,R0014,Força de Venda,SKU1008,5,48.44,524.01
202503,2025-03-02,PED-202503-00062,R0014,Força de Venda,SKU1014,3,18.30,141.36
202503,2025-03-02,PED-202503-00062,R0014,Força de Venda,SKU1018,3,15.10,389.69
202503,2025-02-17,PED-202503-00063,R0015,App,SKU1003,2,21.39,290.25
202503,2025-02-17,PED-202503-00063,R0015,Força de Venda,SKU1005,2,0.52,63.76
202503,2025-02-17,PED-202503-00063,R0015,ER,SKU1009,5,3.96,249.04
202503,2025-02-22,PED-202503-00064,R0016,ER,SKU1003,1,15.73,140.09
202503,2025-02-22,PED-202503-00064,R0016,App,SKU1001,1,2.77,58.14
202503,2025-02-22,PED-202503-00064,R0016,ER,SKU1013,3,1.21,211.91
202503,2025-02-22,PED-202503-00064,R0016,ER,SKU1020,2,23.13,201.11
202503,2025-02-20,PED-202503-00065,R0019,Força de Venda,SKU1002,5,18.53,388.47
202503,2025-02-20,PED-202503-00065,R0019,Força de Venda,SKU1005,2,4.69,59.59
202503,2025-02-20,PED-202503-00065,R0019,ER,SKU1009,5,20.01,232.99
202503,2025-02-20,PED-202503-00065,R0019,ER,SKU1007,3,1.43,188.92
202503,2025-02-20,PED-202503-00065,R0019,App,SKU1017,1,2.96,30.15
202503,2025-02-15,PED-202503-00066,R0020,Força de Venda,SKU1007,5,28.72,288.53
202503,2025-02-25,PED-202503-00067,R0026,ER,SKU1002,1,7.89,73.51
202503,2025-03-02,PED-202503-00068,R0028,Força de Venda,SKU1004,4,2.94,233.74
202503,2025-03-02,PED-202503-00068,R0028,ER,SKU1002,3,14.64,229.56
202503,2025-03-02,PED-202503-00068,R0028,App,SKU1015,5,44.10,754.60
202503,2025-02-25,PED-202503-00069,R0029,App,SKU1006,4,12.82,467.54
202503,2025-02-25,PED-202503-00069,R0029,App,SKU1010,1,0.01,37.04
202503,2025-03-03,PED-202503-00070,R0030,Força de Venda,SKU1004,1,0.50,58.67
202503,2025-03-03,PED-202503-00070,R0030,Força de Venda,SKU1010,1,3.71,33.34
202503,2025-02-15,PED-202503-00071,R0031,ER,SKU1005,2,5.18,59.10
202503,2025-02-15,PED-202503-00071,R0031,ER,SKU1007,5,1.91,315.34
202503,2025-03-02,PED-202503-00072,R0035,Força de Venda,SKU1006,1,6.75,113.34
202503,2025-03-02,PED-202503-00072,R0035,App,SKU1013,2,15.80,126.28
202503,2025-03-02,PED-202503-00072,R0035,App,SKU1012,2,5.13,42.65
202503,2025-03-02,PED-202503-00072,R0035,ER,SKU1016,3,6.87,78.30
202503,2025-02-25,PED-202503-00073,R0038,App,SKU1014,2,4.57,101.87
202503,2025-02-26,PED-202503-00074,R0039,ER,SKU1005,2,6.69,57.59
202503,2025-02-26,PED-202503-00074,R0039,ER,SKU1008,5,33.87,538.58
202503,2025-03-05,PED-202503-00075,R0043,ER,SKU1005,1,1.81,30.33
202503,2025-03-05,PED-202503-00075,R0043,Força de Venda,SKU1010,5,4.51,180.74
202503,2025-03-05,PED-202503-00075,R0043,ER,SKU1017,1,3.21,29.90
202503,2025-03-05,PED-202503-00076,R0048,Força de Venda,SKU1004,4,16.84,219.84
202503,2025-03-05,PED-202503-00076,R0048,App,SKU1011,1,11.25,113.35
202503,2025-03-05,PED-202503-00076,R0048,App,SKU1013,3,7.78,205.34
202503,2025-02-24,PED-202503-00077,R0057,Força de Venda,SKU1003,2,34.68,276.96
202503,2025-02-24,PED-202503-00077,R0057,Força de Venda,SKU1016,3,2.26,82.91
202504,2025-03-12,PED-202504-00078,R0001,App,SKU1005,2,6.71,57.57
202504,2025-03-12,PED-202504-00078,R0001,ER,SKU1003,1,13.94,141.88
202504,2025-03-26,PED-202504-00079,R0002,ER,SKU1006,1,10.01,110.08
202504,2025-03-26,PED-202504-00079,R0002,Força de Venda,SKU1011,4,45.98,452.42
202504,2025-03-26,PED-202504-00079,R0002,Força de Venda,SKU1008,5,66.90,505.55
202504,2025-03-26,PED-202504-00079,R0002,Força de Venda,SKU1017,4,7.20,125.24
202504,2025-03-09,PED-202504-00080,R0003,App,SKU1010,5,19.26,165.99
202504,2025-03-09,PED-202504-00080,R0003,App,SKU1012,4,8.75,86.81
202504,2025-03-09,PED-202504-00080,R0003,ER,SKU1016,3,0.26,84.91
202504,2025-03-21,PED-202504-00081,R0005,ER,SKU1006,2,20.43,219.75
202504,2025-03-21,PED-202504-00081,R0005,App,SKU1011,5,60.96,562.04
202504,2025-03-21,PED-202504-00082,R0006,ER,SKU1004,2,4.96,113.38
202504,2025-03-21,PED-202504-00082,R0006,ER,SKU1006,1,12.40,107.69
202504,2025-03-21,PED-202504-00082,R0006,Força de Venda,SKU1011,2,13.74,235.46
202504,2025-03-21,PED-202504-00082,R0006,App,SKU1015,5,27.26,771.44
202504,2025-03-23,PED-202504-00083,R0007,App,SKU1002,1,4.44,76.96
202504,2025-03-08,PED-202504-00084,R0009,Força de Venda,SKU1005,2,5.60,58.68
202504,2025-03-08,PED-202504-00084,R0009,Força de Venda,SKU1001,5,6.55,298.00
202504,2025-03-21,PED-202504-00085,R0012,Força de Venda,SKU1003,3,8.92,458.54
202504,2025-03-21,PED-202504-00085,R0012,ER,SKU1019,1,1.06,59.57
202504,2025-03-09,PED-202504-00086,R0014,App,SKU1003,1,3.64,152.18
202504,2025-03-17,PED-202504-00087,R0015,ER,SKU1006,5,17.98,582.47
202504,2025-03-17,PED-202504-00087,R0015,App,SKU1009,1,1.43,49.17
202504,2025-03-12,PED-202504-00088,R0017,Força de Venda,SKU1004,3,2.80,174.71
202504,2025-03-12,PED-202504-00088,R0017,App,SKU1005,5,12.79,147.91
202504,2025-03-12,PED-202504-00088,R0017,App,SKU1015,4,6.23,632.73
202504,2025-03-10,PED-202504-00089,R0018,Força de Venda,SKU1005,3,9.83,86.59
202504,2025-03-10,PED-202504-00089,R0018,App,SKU1009,4,7.18,195.22
202504,2025-03-25,PED-202504-00090,R0019,Força de Venda,SKU1003,1,11.50,144.32
202504,2025-03-25,PED-202504-00090,R0019,Força de Venda,SKU1019,1,2.38,58.25
202504,2025-03-27,PED-202504-00091,R0021,Força de Venda,SKU1005,4,12.70,115.86
202504,2025-03-27,PED-202504-00091,R0021,Força de Venda,SKU1009,1,5.95,44.65
202504,2025-03-20,PED-202504-00092,R0023,App,SKU1005,3,10.42,86.00
202504,2025-03-20,PED-202504-00092,R0023,Força de Venda,SKU1015,1,1.85,157.89
202504,2025-03-20,PED-202504-00092,R0023,ER,SKU1019,4,26.05,216.47
202504,2025-03-25,PED-202504-00093,R0029,ER,SKU1004,2,6.43,111.91
202504,2025-03-25,PED-202504-00093,R0029,Força de Venda,SKU1014,3,1.86,157.80
202504,2025-03-25,PED-202504-00093,R0029,ER,SKU1016,2,4.91,51.87
202504,2025-03-23,PED-202504-00094,R0032,ER,SKU1003,3,1.46,466.00
202504,2025-03-23,PED-202504-00094,R0032,ER,SKU1007,3,13.51,176.84
202504,2025-03-23,PED-202504-00094,R0032,Força de Venda,SKU1017,2,0.47,65.75
202504,2025-03-17,PED-202504-00095,R0035,Força de Venda,SKU1003,4,39.67,583.61
202504,2025-03-27,PED-202504-00096,R0036,App,SKU1006,5,1.11,599.34
202504,2025-03-27,PED-202504-00096,R0036,ER,SKU1002,1,9.18,72.22
202504,2025-03-27,PED-202504-00096,R0036,Força de Venda,SKU1007,3,6.36,183.99
202504,2025-03-26,PED-202504-00097,R0039,ER,SKU1003,2,34.81,276.83
202504,2025-03-26,PED-202504-00097,R0039,Força de Venda,SKU1010,2,1.76,72.34
202504,2025-03-26,PED-202504-00097,R0039,ER,SKU1017,1,2.63,30.48
202504,2025-03-14,PED-202504-00098,R0040,App,SKU1002,5,30.10,376.90
202504,2025-03-12,PED-202504-00099,R0042,ER,SKU1002,5,21.74,385.26
202504,2025-03-12,PED-202504-00099,R0042,Força de Venda,SKU1008,4,22.29,435.67
202504,2025-03-26,PED-202504-00100,R0049,App,SKU1001,4,8.94,234.70
202504,2025-03-26,PED-202504-00100,R0049,App,SKU1017,1,3.93,29.18
202504,2025-03-26,PED-202504-00100,R0049,ER,SKU1016,2,4.33,52.45
202504,2025-03-08,PED-202504-00101,R0051,App,SKU1004,1,3.21,55.96
202504,2025-03-08,PED-202504-00101,R0051,ER,SKU1010,3,5.18,105.97
202504,2025-03-11,PED-202504-00102,R0052,Força de Venda,SKU1002,5,14.05,392.95
202504,2025-03-11,PED-202504-00102,R0052,Força de Venda,SKU1008,4,30.08,427.88
202504,2025-03-11,PED-202504-00102,R0052,App,SKU1017,4,14.54,117.90
202504,2025-03-11,PED-202504-00102,R0052,App,SKU1016,4,1.61,111.95
202504,2025-03-12,PED-202504-00103,R0055,ER,SKU1010,2,7.71,66.39
202504,2025-03-12,PED-202504-00103,R0055,App,SKU1011,4,1.80,496.60
202504,2025-03-12,PED-202504-00103,R0055,ER,SKU1014,4,8.64,204.24
202504,2025-03-13,PED-202504-00104,R0058,Força de Venda,SKU1001,5,32.12,272.43
202504,2025-03-13,PED-202504-00104,R0058,App,SKU1011,5,30.57,592.43
202504,2025-03-13,PED-202504-00104,R0058,Força de Venda,SKU1020,4,27.80,420.68
202505,2025-03-30,PED-202505-00105,R0002,Força de Venda,SKU1003,1,1.80,154.02
202505,2025-03-30,PED-202505-00105,R0002,ER,SKU1012,3,2.34,69.33
202505,2025-04-08,PED-202505-00106,R0004,ER,SKU1005,4,15.17,113.39
202505,2025-04-08,PED-202505-00106,R0004,App,SKU1007,5,0.98,316.27
202505,2025-04-14,PED-202505-00107,R0006,ER,SKU1002,5,21.79,385.21
202505,2025-04-14,PED-202505-00107,R0006,Força de Venda,SKU1019,1,7.13,53.50
202505,2025-04-04,PED-202505-00108,R0007,Força de Venda,SKU1012,5,2.46,116.99
202505,2025-04-05,PED-202505-00109,R0008,Força de Venda,SKU1005,5,11.57,149.13
202505,2025-04-05,PED-202505-00109,R0008,Força de Venda,SKU1007,1,1.54,61.91
202505,2025-04-05,PED-202505-00109,R0008,Força de Venda,SKU1012,4,2.96,92.60
202505,2025-04-05,PED-202505-00109,R0008,Força de Venda,SKU1016,5,1.21,140.74
202505,2025-04-17,PED-202505-00110,R0009,App,SKU1005,1,0.94,31.20
202505,2025-04-17,PED-202505-00110,R0009,Força de Venda,SKU1013,5,17.26,337.94
202505,2025-04-17,PED-202505-00110,R0009,Força de Venda,SKU1014,1,4.92,48.30
202505,2025-04-13,PED-202505-00111,R0011,App,SKU1006,4,26.27,454.09
202505,2025-04-13,PED-202505-00111,R0011,Força de Venda,SKU1015,4,42.63,596.33
202505,2025-04-13,PED-202505-00111,R0011,App,SKU1017,4,6.10,126.34
202505,2025-03-29,PED-202505-00112,R0013,App,SKU1003,1,0.79,155.03
202505,2025-03-29,PED-202505-00112,R0013,Força de Venda,SKU1007,2,4.36,122.54
202505,2025-03-29,PED-202505-00112,R0013,ER,SKU1015,2,2.90,316.58
202505,2025-04-09,PED-202505-00113,R0014,ER,SKU1005,2,4.51,59.77
202505,2025-04-09,PED-202505-00113,R0014,ER,SKU1013,4,4.07,280.09
202505,2025-04-05,PED-202505-00114,R0015,App,SKU1006,3,13.33,346.94
202505,2025-04-05,PED-202505-00114,R0015,App,SKU1004,1,6.47,52.70
202505,2025-04-09,PED-202505-00115,R0018,App,SKU1004,2,3.98,114.36
202505,2025-04-09,PED-202505-00115,R0018,ER,SKU1009,3,12.96,138.84
202505,2025-04-09,PED-202505-00115,R0018,Força de Venda,SKU1007,4,16.43,237.37
202505,2025-04-09,PED-202505-00115,R0018,ER,SKU1018,5,29.34,645.31
202505,2025-04-09,PED-202505-00116,R0024,ER,SKU1002,2,16.08,146.72
202505,2025-04-09,PED-202505-00116,R0024,Força de Venda,SKU1008,2,10.77,218.21
202505,2025-04-15,PED-202505-00117,R0027,ER,SKU1003,5,76.65,702.45
202505,2025-04-15,PED-202505-00117,R0027,ER,SKU1007,4,16.35,237.45
202505,2025-04-15,PED-202505-00117,R0027,ER,SKU1016,4,11.20,102.36
202505,2025-04-09,PED-202505-00118,R0030,App,SKU1002,4,18.09,307.51
202505,2025-04-09,PED-202505-00118,R0030,Força de Venda,SKU1007,5,2.30,314.95
202505,2025-04-09,PED-202505-00118,R0030,App,SKU1015,3,7.99,471.23
202505,2025-04-06,PED-202505-00119,R0032,App,SKU1006,1,11.61,108.48
202505,2025-04-06,PED-202505-00120,R0034,App,SKU1005,5,2.40,158.30
202505,2025-04-06,PED-202505-00120,R0034,Força de Venda,SKU1001,5,10.96,293.59
202505,2025-04-06,PED-202505-00120,R0034,ER,SKU1011,4,0.25,498.15
202505,2025-04-06,PED-202505-00120,R0034,App,SKU1014,1,1.67,51.55
202505,2025-04-06,PED-202505-00120,R0034,ER,SKU1016,4,3.70,109.86
202505,2025-04-06,PED-202505-00120,R0034,Força de Venda,SKU1018,5,11.20,663.45
202505,2025-04-13,PED-202505-00121,R0036,App,SKU1004,3,7.21,170.30
202505,2025-04-01,PED-202505-00122,R0037,Força de Venda,SKU1005,3,2.82,93.60
202505,2025-04-01,PED-202505-00122,R0037,ER,SKU1014,5,24.11,241.99
202505,2025-04-01,PED-202505-00122,R0037,ER,SKU1015,4,53.14,585.82
202505,2025-04-06,PED-202505-00123,R0038,Força de Venda,SKU1006,5,2.05,598.40
202505,2025-04-06,PED-202505-00123,R0038,App,SKU1008,5,12.90,559.55
202505,2025-04-06,PED-202505-00123,R0038,ER,SKU1012,1,1.36,22.53
202505,2025-04-06,PED-202505-00123,R0038,Força de Venda,SKU1015,5,54.07,744.63
202505,2025-03-29,PED-202505-00124,R0040,ER,SKU1001,3,8.27,174.46
202505,2025-03-29,PED-202505-00124,R0040,Força de Venda,SKU1017,3,1.19,98.14
202505,2025-03-29,PED-202505-00124,R0040,ER,SKU1020,4,27.26,421.22
202505,2025-04-12,PED-202505-00125,R0044,Força de Venda,SKU1006,2,14.89,225.29
202505,2025-04-01,PED-202505-00126,R0045,Força de Venda,SKU1007,4,15.83,237.97
202505,2025-04-01,PED-202505-00126,R0045,Força de Venda,SKU1013,1,3.11,67.93
202505,2025-04-08,PED-202505-00127,R0047,App,SKU1005,5,9.43,151.27
202505,2025-04-08,PED-202505-00127,R0047,ER,SKU1008,1,10.76,103.73
202505,2025-04-08,PED-202505-00127,R0047,ER,SKU1015,2,16.28,303.20
202505,2025-04-08,PED-202505-00128,R0049,Força de Venda,SKU1003,5,33.45,745.65
202505,2025-04-08,PED-202505-00128,R0049,Força de Venda,SKU1014,2,11.97,94.47
202505,2025-04-08,PED-202505-00128,R0049,Força de Venda,SKU1019,5,6.10,297.05
202505,2025-04-01,PED-202505-00129,R0052,App,SKU1006,4,20.78,459.58
202505,2025-03-29,PED-202505-00130,R0055,App,SKU1004,1,1.77,57.40
202505,2025-03-29,PED-202505-00130,R0055,Força de Venda,SKU1010,1,3.32,33.73
202505,2025-04-11,PED-202505-00131,R0057,ER,SKU1004,3,17.14,160.37
202505,2025-04-11,PED-202505-00131,R0057,ER,SKU1005,2,5.50,58.78
202505,2025-04-11,PED-202505-00131,R0057,App,SKU1007,4,7.80,246.00
202505,2025-04-11,PED-202505-00131,R0057,App,SKU1013,3,13.10,200.02
202505,2025-04-11,PED-202505-00131,R0057,ER,SKU1016,1,0.27,28.12
202506,2025-05-08,PED-202506-00132,R0002,App,SKU1001,5,32.11,272.44
202506,2025-05-08,PED-202506-00132,R0002,ER,SKU1011,2,16.11,233.09
202506,2025-05-08,PED-202506-00132,R0002,App,SKU1014,2,12.62,93.82
202506,2025-05-08,PED-202506-00132,R0002,App,SKU1019,2,13.18,108.08
202506,2025-05-06,PED-202506-00133,R0004,ER,SKU1001,4,23.42,220.22
202506,2025-05-06,PED-202506-00133,R0004,ER,SKU1011,5,12.05,610.95
202506,2025-05-06,PED-202506-00133,R0004,App,SKU1016,4,12.38,101.18
202506,2025-04-30,PED-202506-00134,R0005,Força de Venda,SKU1006,5,52.95,547.50
202506,2025-04-30,PED-202506-00134,R0005,ER,SKU1011,1,4.22,120.38
202506,2025-04-30,PED-202506-00134,R0005,App,SKU1009,5,19.54,233.46
202506,2025-05-05,PED-202506-00135,R0008,Força de Venda,SKU1001,4,7.28,236.36
202506,2025-05-05,PED-202506-00135,R0008,Força de Venda,SKU1003,5,15.61,763.49
202506,2025-04-27,PED-202506-00136,R0009,Força de Venda,SKU1003,5,20.85,758.25
202506,2025-04-27,PED-202506-00136,R0009,App,SKU1011,4,25.97,472.43
202506,2025-04-27,PED-202506-00136,R0009,App,SKU1015,2,2.20,317.28
202506,2025-04-27,PED-202506-00136,R0009,ER,SKU1017,4,15.08,117.36
202506,2025-04-26,PED-202506-00137,R0010,App,SKU1006,4,1.58,478.78
202506,2025-04-26,PED-202506-00137,R0010,App,SKU1007,1,2.00,61.45
202506,2025-04-26,PED-202506-00137,R0010,ER,SKU1013,1,3.50,67.54
202506,2025-04-26,PED-202506-00137,R0010,ER,SKU1015,5,53.13,745.57
202506,2025-05-01,PED-202506-00138,R0011,Força de Venda,SKU1004,4,11.17,225.51
202506,2025-05-01,PED-202506-00138,R0011,ER,SKU1016,3,4.76,80.41
202506,2025-04-24,PED-202506-00139,R0013,App,SKU1003,2,11.32,300.32
202506,2025-04-24,PED-202506-00139,R0013,App,SKU1010,5,20.95,164.30
202506,2025-04-24,PED-202506-00139,R0013,ER,SKU1015,1,10.23,149.51
202506,2025-04-27,PED-202506-00140,R0014,ER,SKU1001,4,22.15,221.49
202506,2025-04-27,PED-202506-00140,R0014,Força de Venda,SKU1009,1,4.91,45.69
202506,2025-04-27,PED-202506-00141,R0015,Força de Venda,SKU1001,4,24.90,218.74
202506,2025-04-27,PED-202506-00141,R0015,App,SKU1008,3,4.05,339.42
202506,2025-05-03,PED-202506-00142,R0017,Força de Venda,SKU1001,3,5.27,177.46
202506,2025-04-26,PED-202506-00143,R0023,Força de Venda,SKU1002,1,1.69,79.71
202506,2025-04-26,PED-202506-00143,R0023,Força de Venda,SKU1007,1,3.83,59.62
202506,2025-04-26,PED-202506-00143,R0023,App,SKU1014,1,4.33,48.89
202506,2025-05-01,PED-202506-00144,R0031,App,SKU1003,1,7.30,148.52
202506,2025-05-01,PED-202506-00144,R0031,App,SKU1008,1,2.94,111.55
202506,2025-05-01,PED-202506-00144,R0031,ER,SKU1015,5,5.53,793.17
202506,2025-05-01,PED-202506-00144,R0031,App,SKU1017,1,1.00,32.11
202506,2025-04-25,PED-202506-00145,R0032,ER,SKU1005,3,10.07,86.35
202506,2025-04-25,PED-202506-00145,R0032,App,SKU1001,4,15.57,228.07
202506,2025-04-25,PED-202506-00145,R0032,ER,SKU1010,5,12.62,172.63
202506,2025-04-25,PED-202506-00146,R0033,ER,SKU1002,5,42.44,364.56
202506,2025-04-25,PED-202506-00146,R0033,App,SKU1006,4,2.94,477.42
202506,2025-04-25,PED-202506-00146,R0033,App,SKU1010,4,10.49,137.71
202506,2025-04-25,PED-202506-00146,R0033,App,SKU1016,2,1.61,55.17
202506,2025-05-03,PED-202506-00147,R0034,App,SKU1002,2,13.65,149.15
202506,2025-05-03,PED-202506-00147,R0034,App,SKU1007,4,0.77,253.03
202506,2025-05-03,PED-202506-00147,R0034,Força de Venda,SKU1014,5,18.33,247.77
202506,2025-04-30,PED-202506-00148,R0036,Força de Venda,SKU1006,4,39.29,441.07
202506,2025-04-30,PED-202506-00148,R0036,ER,SKU1016,5,4.37,137.58
202506,2025-05-03,PED-202506-00149,R0041,Força de Venda,SKU1003,1,3.71,152.11
202506,2025-05-03,PED-202506-00149,R0041,ER,SKU1012,5,3.17,116.28
202506,2025-04-20,PED-202506-00150,R0048,Força de Venda,SKU1003,2,22.61,289.03
202506,2025-04-21,PED-202506-00151,R0049,Força de Venda,SKU1003,4,0.26,623.02
202506,2025-04-21,PED-202506-00151,R0049,App,SKU1011,2,23.97,225.23
202506,2025-04-21,PED-202506-00151,R0049,ER,SKU1014,5,15.06,251.04
202506,2025-04-21,PED-202506-00151,R0049,App,SKU1020,3,15.12,321.24
202506,2025-05-06,PED-202506-00152,R0054,ER,SKU1003,2,32.44,279.20
202506,2025-05-06,PED-202506-00152,R0054,Força de Venda,SKU1010,4,16.67,131.53
202506,2025-04-23,PED-202506-00153,R0056,App,SKU1002,4,29.65,295.95
202506,2025-04-23,PED-202506-00153,R0056,Força de Venda,SKU1009,2,9.14,92.06
202506,2025-05-05,PED-202506-00154,R0059,ER,SKU1006,3,24.34,335.93
202506,2025-05-05,PED-202506-00154,R0059,ER,SKU1001,3,5.20,177.53
202506,2025-05-05,PED-202506-00154,R0059,Força de Venda,SKU1016,4,0.91,112.65
202507,2025-05-24,PED-202507-00155,R0001,App,SKU1002,2,15.51,147.29
202507,2025-05-24,PED-202507-00155,R0001,App,SKU1015,1,10.49,149.25
202507,2025-05-12,PED-202507-00156,R0002,Força de Venda,SKU1003,4,74.33,548.95
202507,2025-05-12,PED-202507-00156,R0002,App,SKU1011,4,14.09,484.31
202507,2025-05-19,PED-202507-00157,R0005,Força de Venda,SKU1005,3,5.37,91.05
202507,2025-05-19,PED-202507-00157,R0005,Força de Venda,SKU1010,1,4.28,32.77
202507,2025-05-15,PED-202507-00158,R0006,App,SKU1002,2,4.95,157.85
202507,2025-05-15,PED-202507-00158,R0006,ER,SKU1009,5,20.09,232.91
202507,2025-05-15,PED-202507-00158,R0006,Força de Venda,SKU1015,2,18.87,300.61
202507,2025-05-28,PED-202507-00159,R0007,ER,SKU1002,1,7.96,73.44
202507,2025-05-28,PED-202507-00159,R0007,App,SKU1007,4,14.02,239.78
202507,2025-05-28,PED-202507-00159,R0007,Força de Venda,SKU1011,3,25.28,348.52
202507,2025-05-27,PED-202507-00160,R0009,Força de Venda,SKU1005,3,10.67,85.75
202507,2025-05-27,PED-202507-00160,R0009,ER,SKU1004,1,2.42,56.75
202507,2025-05-27,PED-202507-00160,R0009,ER,SKU1010,3,7.42,103.73
202507,2025-05-16,PED-202507-00161,R0010,Força de Venda,SKU1004,1,0.08,59.09
202507,2025-05-16,PED-202507-00161,R0010,ER,SKU1006,4,2.84,477.52
202507,2025-05-16,PED-202507-00161,R0010,App,SKU1020,2,10.71,213.53
202507,2025-05-11,PED-202507-00162,R0011,Força de Venda,SKU1006,2,26.51,213.67
202507,2025-05-11,PED-202507-00162,R0011,ER,SKU1009,5,25.98,227.02
202507,2025-05-11,PED-202507-00162,R0011,App,SKU1012,2,2.52,45.26
202507,2025-05-16,PED-202507-00163,R0012,App,SKU1004,2,10.61,107.73
202507,2025-05-17,PED-202507-00164,R0014,Força de Venda,SKU1005,2,3.01,61.27
202507,2025-05-12,PED-202507-00165,R0016,ER,SKU1002,1,6.91,74.49
202507,2025-05-12,PED-202507-00165,R0016,ER,SKU1009,3,2.37,149.43
202507,2025-05-12,PED-202507-00165,R0016,ER,SKU1011,2,26.42,222.78
202507,2025-05-12,PED-202507-00165,R0016,App,SKU1013,5,22.69,332.51
202507,2025-05-12,PED-202507-00165,R0016,App,SKU1012,3,5.20,66.47
202507,2025-05-11,PED-202507-00166,R0019,App,SKU1001,4,8.11,235.53
202507,2025-05-11,PED-202507-00166,R0019,App,SKU1011,5,57.14,565.86
202507,2025-05-10,PED-202507-00167,R0021,ER,SKU1006,3,24.50,335.77
202507,2025-05-10,PED-202507-00167,R0021,App,SKU1009,1,4.40,46.20
202507,2025-05-10,PED-202507-00167,R0021,ER,SKU1014,5,1.57,264.53
202507,2025-05-15,PED-202507-00168,R0022,App,SKU1002,5,11.26,395.74
202507,2025-05-15,PED-202507-00168,R0022,ER,SKU1013,5,32.44,322.76
202507,2025-05-26,PED-202507-00169,R0024,Força de Venda,SKU1003,3,38.93,428.53
202507,2025-05-26,PED-202507-00169,R0024,ER,SKU1016,3,3.18,81.99
202507,2025-05-28,PED-202507-00170,R0027,Força de Venda,SKU1004,5,22.60,273.25
202507,2025-05-28,PED-202507-00170,R0027,ER,SKU1009,5,16.66,236.34
202507,2025-05-28,PED-202507-00170,R0027,Força de Venda,SKU1010,3,10.36,100.79
202507,2025-05-28,PED-202507-00171,R0028,ER,SKU1003,2,7.06,304.58
202507,2025-05-28,PED-202507-00171,R0028,App,SKU1008,3,28.24,315.23
202507,2025-05-28,PED-202507-00171,R0028,ER,SKU1014,4,7.52,205.36
202507,2025-05-26,PED-202507-00172,R0031,ER,SKU1005,3,3.18,93.24
202507,2025-05-26,PED-202507-00172,R0031,App,SKU1007,1,0.60,62.85
202507,2025-05-18,PED-202507-00173,R0032,ER,SKU1001,3,4.96,177.77
202507,2025-05-18,PED-202507-00173,R0032,ER,SKU1016,2,6.49,50.29
202507,2025-05-18,PED-202507-00174,R0034,App,SKU1002,2,9.57,153.23
202507,2025-05-18,PED-202507-00174,R0034,App,SKU1006,2,25.17,215.01
202507,2025-05-18,PED-202507-00174,R0034,App,SKU1008,4,37.50,420.46
202507,2025-05-18,PED-202507-00174,R0034,App,SKU1017,5,3.71,161.84
202507,2025-05-18,PED-202507-00174,R0034,App,SKU1016,2,4.65,52.13
202507,2025-05-24,PED-202507-00175,R0035,Força de Venda,SKU1002,2,13.46,149.34
202507,2025-05-24,PED-202507-00175,R0035,App,SKU1009,4,13.00,189.40
202507,2025-05-24,PED-202507-00175,R0035,App,SKU1014,3,10.27,149.39
202507,2025-05-24,PED-202507-00175,R0035,ER,SKU1016,3,9.09,76.08
202507,2025-05-23,PED-202507-00176,R0037,App,SKU1003,5,72.38,706.72
202507,2025-05-23,PED-202507-00176,R0037,Força de Venda,SKU1007,4,21.34,232.46
202507,2025-05-27,PED-202507-00177,R0039,App,SKU1004,5,22.40,273.45
202507,2025-05-27,PED-202507-00177,R0039,Força de Venda,SKU1012,3,2.34,69.33
202507,2025-05-27,PED-202507-00177,R0039,Força de Venda,SKU1017,3,1.33,98.00
202507,2025-05-27,PED-202507-00177,R0039,App,SKU1015,3,7.22,472.00
202507,2025-05-27,PED-202507-00178,R0041,App,SKU1007,4,4.11,249.69
202507,2025-05-27,PED-202507-00178,R0041,ER,SKU1010,3,12.96,98.19
202507,2025-05-27,PED-202507-00178,R0041,App,SKU1020,3,37.30,299.06
202507,2025-05-19,PED-202507-00179,R0042,Força de Venda,SKU1004,5,15.84,280.01
202507,2025-05-19,PED-202507-00179,R0042,App,SKU1006,2,20.09,220.09
202507,2025-05-19,PED-202507-00179,R0042,ER,SKU1010,2,1.89,72.21
202507,2025-05-19,PED-202507-00179,R0042,ER,SKU1007,5,28.33,288.92
202507,2025-05-26,PED-202507-00180,R0051,App,SKU1003,2,19.12,292.52
202507,2025-05-26,PED-202507-00180,R0051,Força de Venda,SKU1004,4,14.03,222.65
202507,2025-05-26,PED-202507-00180,R0051,Força de Venda,SKU1007,1,4.04,59.41
202507,2025-05-22,PED-202507-00181,R0052,Força de Venda,SKU1003,2,28.55,283.09
202507,2025-05-22,PED-202507-00181,R0052,ER,SKU1008,4,44.38,413.58
202507,2025-05-26,PED-202507-00182,R0054,Força de Venda,SKU1001,3,4.19,178.54
202507,2025-05-26,PED-202507-00182,R0054,ER,SKU1006,3,33.65,326.62
202507,2025-05-26,PED-202507-00182,R0054,ER,SKU1011,2,28.69,220.51
202507,2025-05-26,PED-202507-00182,R0054,App,SKU1017,3,3.24,96.09
202507,2025-05-23,PED-202507-00183,R0059,App,SKU1003,2,3.58,308.06
202507,2025-05-23,PED-202507-00183,R0059,ER,SKU1009,1,3.04,47.56
202508,2025-06-15,PED-202508-00184,R0002,Força de Venda,SKU1005,2,3.27,61.01
202508,2025-06-12,PED-202508-00185,R0003,ER,SKU1001,3,7.60,175.13
202508,2025-06-12,PED-202508-00185,R0003,ER,SKU1013,5,12.63,342.57
202508,2025-06-12,PED-202508-00186,R0004,App,SKU1010,3,9.31,101.84
202508,2025-06-15,PED-202508-00187,R0006,App,SKU1004,3,14.32,163.19
202508,2025-06-15,PED-202508-00187,R0006,App,SKU1006,4,53.30,427.06
202508,2025-06-15,PED-202508-00187,R0006,ER,SKU1014,3,1.44,158.22
202508,2025-06-18,PED-202508-00188,R0008,App,SKU1001,1,2.93,57.98
202508,2025-06-15,PED-202508-00189,R0010,Força de Venda,SKU1002,5,35.79,371.21
202508,2025-06-15,PED-202508-00189,R0010,Força de Venda,SKU1007,2,3.98,122.92
202508,2025-06-15,PED-202508-00189,R0010,Força de Venda,SKU1015,4,5.31,633.65
202508,2025-06-15,PED-202508-00189,R0010,ER,SKU1016,3,1.10,84.07
202508,2025-06-15,PED-202508-00190,R0011,App,SKU1002,5,22.15,384.85
202508,2025-06-15,PED-202508-00190,R0011,ER,SKU1011,3,30.13,343.67
202508,2025-06-06,PED-202508-00191,R0012,App,SKU1004,2,1.01,117.33
202508,2025-06-06,PED-202508-00191,R0012,ER,SKU1010,2,4.55,69.55
202508,2025-06-06,PED-202508-00191,R0012,App,SKU1009,2,2.52,98.68
202508,2025-06-11,PED-202508-00192,R0016,Força de Venda,SKU1006,1,7.94,112.15
202508,2025-06-11,PED-202508-00192,R0016,Força de Venda,SKU1017,4,10.21,122.23
202508,2025-06-11,PED-202508-00192,R0016,Força de Venda,SKU1020,1,5.67,106.45
202508,2025-06-02,PED-202508-00193,R0020,App,SKU1001,1,6.46,54.45
202508,2025-06-02,PED-202508-00193,R0020,Força de Venda,SKU1013,2,15.24,126.84
202508,2025-06-02,PED-202508-00193,R0020,ER,SKU1015,5,95.67,703.03
202508,2025-06-02,PED-202508-00194,R0021,Força de Venda,SKU1004,5,10.54,285.31
202508,2025-06-04,PED-202508-00195,R0024,Força de Venda,SKU1003,4,18.46,604.82
202508,2025-05-31,PED-202508-00196,R0025,App,SKU1005,4,3.12,125.44
202508,2025-06-06,PED-202508-00197,R0027,App,SKU1004,3,17.30,160.21
202508,2025-06-06,PED-202508-00197,R0027,App,SKU1016,4,8.18,105.38
202508,2025-06-06,PED-202508-00197,R0027,App,SKU1019,4,15.09,227.43
202508,2025-06-01,PED-202508-00198,R0029,App,SKU1001,5,10.01,294.54
202508,2025-06-01,PED-202508-00198,R0029,App,SKU1010,5,3.94,181.31
202508,2025-06-03,PED-202508-00199,R0030,Força de Venda,SKU1002,1,1.81,79.59
202508,2025-06-03,PED-202508-00199,R0030,ER,SKU1011,2,23.47,225.73
202508,2025-06-03,PED-202508-00199,R0030,Força de Venda,SKU1020,3,17.08,319.28
202508,2025-06-17,PED-202508-00200,R0033,Força de Venda,SKU1004,2,7.20,111.14
202508,2025-06-17,PED-202508-00200,R0033,ER,SKU1008,5,23.39,549.06
202508,2025-05-31,PED-202508-00201,R0038,App,SKU1005,5,18.46,142.24
202508,2025-05-31,PED-202508-00201,R0038,ER,SKU1009,3,11.97,139.83
202508,2025-05-31,PED-202508-00201,R0038,ER,SKU1013,4,16.59,267.57
202508,2025-06-17,PED-202508-00202,R0043,App,SKU1005,2,3.73,60.55
202508,2025-06-17,PED-202508-00202,R0043,Força de Venda,SKU1001,3,20.32,162.41
202508,2025-06-17,PED-202508-00202,R0043,ER,SKU1008,1,9.05,105.44
202508,2025-06-17,PED-202508-00202,R0043,Força de Venda,SKU1016,3,4.90,80.27
202508,2025-06-10,PED-202508-00203,R0049,Força de Venda,SKU1003,4,18.78,604.50
202508,2025-06-10,PED-202508-00203,R0049,ER,SKU1018,4,62.20,477.52
202508,2025-06-07,PED-202508-00204,R0051,ER,SKU1003,3,14.35,453.11
202508,2025-06-07,PED-202508-00204,R0051,ER,SKU1007,2,4.43,122.47
202508,2025-06-07,PED-202508-00204,R0051,App,SKU1012,1,2.77,21.12
202509,2025-07-06,PED-202509-00205,R0001,ER,SKU1002,5,34.22,372.78
202509,2025-07-06,PED-202509-00205,R0001,Força de Venda,SKU1013,5,5.51,349.69
202509,2025-07-06,PED-202509-00205,R0001,App,SKU1017,4,8.51,123.93
202509,2025-07-06,PED-202509-00205,R0001,ER,SKU1016,3,0.54,84.63
202509,2025-07-06,PED-202509-00205,R0001,App,SKU1018,4,60.86,478.86
202509,2025-07-06,PED-202509-00205,R0001,Força de Venda,SKU1020,4,16.56,431.92
202509,2025-06-21,PED-202509-00206,R0002,Força de Venda,SKU1001,4,2.23,241.41
202509,2025-06-21,PED-202509-00206,R0002,Força de Venda,SKU1006,4,47.69,432.67
202509,2025-06-21,PED-202509-00206,R0002,Força de Venda,SKU1011,4,57.81,440.59
202509,2025-07-08,PED-202509-00207,R0003,Força de Venda,SKU1004,2,11.86,106.48
202509,2025-07-08,PED-202509-00207,R0003,ER,SKU1011,3,18.56,355.24
202509,2025-07-08,PED-202509-00207,R0003,Força de Venda,SKU1015,2,16.77,302.71
202509,2025-07-08,PED-202509-00207,R0003,ER,SKU1016,2,2.33,54.45
202509,2025-06-27,PED-202509-00208,R0004,ER,SKU1008,4,47.38,410.58
202509,2025-07-03,PED-202509-00209,R0005,Força de Venda,SKU1004,3,15.71,161.80
202509,2025-06-22,PED-202509-00210,R0007,Força de Venda,SKU1001,4,13.98,229.66
202509,2025-06-22,PED-202509-00210,R0007,Força de Venda,SKU1016,2,6.21,50.57
202509,2025-06-30,PED-202509-00211,R0009,Força de Venda,SKU1004,1,5.55,53.62
202509,2025-06-30,PED-202509-00211,R0009,Força de Venda,SKU1015,2,24.89,294.59
202509,2025-07-04,PED-202509-00212,R0011,ER,SKU1005,2,1.75,62.53
202509,2025-07-04,PED-202509-00212,R0011,App,SKU1010,5,5.51,179.74
202509,2025-07-04,PED-202509-00212,R0011,Força de Venda,SKU1015,2,19.95,299.53
202509,2025-07-07,PED-202509-00213,R0014,Força de Venda,SKU1003,3,29.29,438.17
202509,2025-07-07,PED-202509-00213,R0014,Força de Venda,SKU1008,2,6.99,221.99
202509,2025-07-07,PED-202509-00213,R0014,App,SKU1016,5,2.31,139.64
202509,2025-07-07,PED-202509-00213,R0014,ER,SKU1015,3,22.72,456.50
202509,2025-06-25,PED-202509-00214,R0015,ER,SKU1004,4,17.73,218.95
202509,2025-06-25,PED-202509-00214,R0015,ER,SKU1019,3,5.69,176.20
202509,2025-07-04,PED-202509-00215,R0017,ER,SKU1002,5,38.87,368.13
202509,2025-07-04,PED-202509-00215,R0017,Força de Venda,SKU1014,3,0.79,158.87
202509,2025-07-04,PED-202509-00215,R0017,Força de Venda,SKU1019,3,2.99,178.90
202509,2025-06-29,PED-202509-00216,R0019,Força de Venda,SKU1007,2,12.95,113.95
202509,2025-07-02,PED-202509-00217,R0020,ER,SKU1004,1,1.37,57.80
202509,2025-07-02,PED-202509-00217,R0020,App,SKU1003,4,24.83,598.45
202509,2025-07-02,PED-202509-00217,R0020,App,SKU1008,5,23.60,548.85
202509,2025-07-10,PED-202509-00218,R0028,ER,SKU1004,1,5.10,54.07
202509,2025-07-10,PED-202509-00218,R0028,Força de Venda,SKU1003,4,41.39,581.89
202509,2025-07-10,PED-202509-00218,R0028,ER,SKU1011,4,8.63,489.77
202509,2025-06-30,PED-202509-00219,R0029,ER,SKU1005,5,13.65,147.05
202509,2025-06-30,PED-202509-00219,R0029,ER,SKU1011,3,17.39,356.41
202509,2025-06-30,PED-202509-00219,R0029,Força de Venda,SKU1013,5,6.40,348.80
202509,2025-06-29,PED-202509-00220,R0031,Força de Venda,SKU1003,2,24.63,287.01
202509,2025-06-29,PED-202509-00220,R0031,App,SKU1016,1,0.97,27.42
202509,2025-06-29,PED-202509-00220,R0031,ER,SKU1019,1,5.82,54.81
202509,2025-06-27,PED-202509-00221,R0032,App,SKU1001,5,34.08,270.47
202509,2025-06-21,PED-202509-00222,R0033,App,SKU1004,5,7.75,288.10
202509,2025-06-21,PED-202509-00222,R0033,App,SKU1017,4,1.43,131.01
202509,2025-06-21,PED-202509-00222,R0033,Força de Venda,SKU1019,3,14.60,167.29
202509,2025-06-26,PED-202509-00223,R0035,Força de Venda,SKU1004,1,0.17,59.00
202509,2025-06-26,PED-202509-00223,R0035,App,SKU1006,2,20.85,219.33
202509,2025-07-04,PED-202509-00224,R0037,ER,SKU1004,1,0.99,58.18
202509,2025-07-04,PED-202509-00224,R0037,ER,SKU1005,4,4.02,124.54
202509,2025-07-04,PED-202509-00224,R0037,ER,SKU1009,5,27.79,225.21
202509,2025-07-04,PED-202509-00224,R0037,ER,SKU1017,5,7.06,158.49
202509,2025-07-08,PED-202509-00225,R0038,ER,SKU1006,1,12.55,107.54
202509,2025-06-21,PED-202509-00226,R0041,ER,SKU1006,4,51.16,429.20
202509,2025-06-21,PED-202509-00226,R0041,Força de Venda,SKU1007,4,19.81,233.99
202509,2025-06-21,PED-202509-00226,R0041,App,SKU1017,2,1.81,64.41
202509,2025-06-22,PED-202509-00227,R0046,Força de Venda,SKU1006,2,13.53,226.65
202509,2025-07-09,PED-202509-00228,R0050,Força de Venda,SKU1005,1,0.34,31.80
202509,2025-07-09,PED-202509-00228,R0050,Força de Venda,SKU1002,4,3.23,322.37
202509,2025-07-10,PED-202509-00229,R0051,ER,SKU1001,3,7.58,175.15
202509,2025-07-10,PED-202509-00229,R0051,Força de Venda,SKU1008,3,18.31,325.16
202509,2025-07-10,PED-202509-00229,R0051,Força de Venda,SKU1018,2,26.21,243.65
202509,2025-06-25,PED-202509-00230,R0053,ER,SKU1006,5,7.24,593.21
202509,2025-06-25,PED-202509-00230,R0053,Força de Venda,SKU1004,1,5.72,53.45
202509,2025-06-25,PED-202509-00230,R0053,App,SKU1017,3,2.53,96.80
202509,2025-06-25,PED-202509-00231,R0058,Força de Venda,SKU1001,5,31.25,273.30
202509,2025-06-25,PED-202509-00231,R0058,App,SKU1009,2,5.37,95.83
202509,2025-06-25,PED-202509-00231,R0058,Força de Venda,SKU1014,2,11.40,95.04
202509,2025-06-25,PED-202509-00231,R0058,Força de Venda,SKU1015,5,14.21,784.49
202510,2025-07-28,PED-202510-00232,R0002,Força de Venda,SKU1002,1,8.52,72.88
202510,2025-07-28,PED-202510-00232,R0002,ER,SKU1009,4,17.45,184.95
202510,2025-07-31,PED-202510-00233,R0003,ER,SKU1003,1,16.77,139.05
202510,2025-07-31,PED-202510-00233,R0003,ER,SKU1011,3,13.68,360.12
202510,2025-07-31,PED-202510-00233,R0003,ER,SKU1019,1,4.49,56.14
202510,2025-07-27,PED-202510-00234,R0005,App,SKU1002,4,14.68,310.92
202510,2025-07-25,PED-202510-00235,R0006,Força de Venda,SKU1001,2,9.61,112.21
202510,2025-07-25,PED-202510-00235,R0006,App,SKU1008,5,54.17,518.28
202510,2025-07-25,PED-202510-00235,R0006,App,SKU1015,4,23.99,614.97
202510,2025-07-25,PED-202510-00236,R0007,App,SKU1005,5,3.74,156.96
202510,2025-07-25,PED-202510-00236,R0007,App,SKU1012,3,5.14,66.53
202510,2025-07-25,PED-202510-00236,R0007,ER,SKU1016,1,0.68,27.71
202510,2025-07-26,PED-202510-00237,R0008,ER,SKU1005,4,9.27,119.29
202510,2025-07-26,PED-202510-00237,R0008,Força de Venda,SKU1002,3,14.90,229.30
202510,2025-07-26,PED-202510-00237,R0008,Força de Venda,SKU1008,1,12.04,102.45
202510,2025-07-26,PED-202510-00237,R0008,ER,SKU1019,5,32.73,270.42
202510,2025-07-30,PED-202510-00238,R0009,App,SKU1006,5,6.51,593.94
202510,2025-07-30,PED-202510-00238,R0009,Força de Venda,SKU1019,2,0.00,121.26
202510,2025-07-12,PED-202510-00239,R0010,App,SKU1002,5,31.50,375.50
202510,2025-07-12,PED-202510-00239,R0010,ER,SKU1008,5,5.53,566.92
202510,2025-07-12,PED-202510-00239,R0010,App,SKU1012,1,1.43,22.46
202510,2025-07-12,PED-202510-00239,R0010,ER,SKU1017,4,8.69,123.75
202510,2025-07-23,PED-202510-00240,R0013,ER,SKU1003,2,7.38,304.26
202510,2025-07-23,PED-202510-00240,R0013,App,SKU1005,4,3.60,124.96
202510,2025-07-23,PED-202510-00240,R0013,ER,SKU1008,3,25.04,318.43
202510,2025-07-23,PED-202510-00240,R0013,Força de Venda,SKU1013,3,0.66,212.46
202510,2025-07-23,PED-202510-00240,R0013,Força de Venda,SKU1015,1,15.13,144.61
202510,2025-07-26,PED-202510-00241,R0014,ER,SKU1005,1,0.03,32.11
202510,2025-07-26,PED-202510-00241,R0014,Força de Venda,SKU1009,4,21.65,180.75
202510,2025-07-30,PED-202510-00242,R0016,ER,SKU1006,5,16.25,584.20
202510,2025-07-30,PED-202510-00242,R0016,Força de Venda,SKU1010,1,4.20,32.85
202510,2025-07-30,PED-202510-00242,R0016,App,SKU1009,2,9.45,91.75
202510,2025-07-24,PED-202510-00243,R0018,Força de Venda,SKU1007,3,16.97,173.38
202510,2025-07-24,PED-202510-00243,R0018,Força de Venda,SKU1012,5,1.89,117.56
202510,2025-07-24,PED-202510-00243,R0018,Força de Venda,SKU1017,5,4.95,160.60
202510,2025-07-23,PED-202510-00244,R0019,Força de Venda,SKU1004,4,4.26,232.42
202510,2025-07-23,PED-202510-00244,R0019,ER,SKU1003,5,17.45,761.65
202510,2025-07-23,PED-202510-00244,R0019,Força de Venda,SKU1009,1,2.36,48.24
202510,2025-07-23,PED-202510-00244,R0019,Força de Venda,SKU1012,5,0.75,118.70
202510,2025-07-29,PED-202510-00245,R0020,ER,SKU1004,5,35.34,260.51
202510,2025-07-29,PED-202510-00245,R0020,Força de Venda,SKU1005,1,1.50,30.64
202510,2025-07-29,PED-202510-00245,R0020,Força de Venda,SKU1008,1,1.67,112.82
202510,2025-07-24,PED-202510-00246,R0021,App,SKU1001,3,12.68,170.05
202510,2025-07-20,PED-202510-00247,R0022,Força de Venda,SKU1002,1,2.09,79.31
202510,2025-07-27,PED-202510-00248,R0023,Força de Venda,SKU1004,4,1.59,235.09
202510,2025-07-27,PED-202510-00248,R0023,ER,SKU1001,5,22.89,281.66
202510,2025-07-27,PED-202510-00248,R0023,App,SKU1008,2,20.11,208.87
202510,2025-07-20,PED-202510-00249,R0029,Força de Venda,SKU1001,4,9.79,233.85
202510,2025-07-20,PED-202510-00249,R0029,Força de Venda,SKU1013,3,10.54,202.58
202510,2025-07-20,PED-202510-00249,R0029,Força de Venda,SKU1012,1,0.59,23.30
202510,2025-07-16,PED-202510-00250,R0030,App,SKU1013,1,0.19,70.85
202510,2025-07-14,PED-202510-00251,R0033,ER,SKU1002,2,8.58,154.22
202510,2025-07-14,PED-202510-00251,R0033,App,SKU1007,1,3.37,60.08
202510,2025-07-14,PED-202510-00251,R0033,Força de Venda,SKU1017,5,9.09,156.46
202510,2025-07-27,PED-202510-00252,R0034,App,SKU1003,3,48.66,418.80
202510,2025-07-27,PED-202510-00252,R0034,Força de Venda,SKU1013,2,16.01,126.07
202510,2025-07-27,PED-202510-00252,R0034,Força de Venda,SKU1014,2,12.73,93.71
202510,2025-07-27,PED-202510-00252,R0034,Força de Venda,SKU1017,5,15.00,150.55
202510,2025-07-12,PED-202510-00253,R0039,Força de Venda,SKU1003,3,54.10,413.36
202510,2025-07-15,PED-202510-00254,R0040,App,SKU1001,4,6.35,237.29
202510,2025-07-15,PED-202510-00254,R0040,Força de Venda,SKU1004,5,10.64,285.21
202510,2025-07-15,PED-202510-00254,R0040,Força de Venda,SKU1007,4,9.14,244.66
202510,2025-07-15,PED-202510-00254,R0040,App,SKU1008,4,46.46,411.50
202510,2025-07-15,PED-202510-00254,R0040,ER,SKU1015,5,42.89,755.81
202510,2025-07-31,PED-202510-00255,R0041,App,SKU1001,5,11.55,293.00
202510,2025-07-31,PED-202510-00255,R0041,Força de Venda,SKU1008,2,20.47,208.51
202510,2025-07-27,PED-202510-00256,R0043,Força de Venda,SKU1002,1,8.53,72.87
202510,2025-07-27,PED-202510-00256,R0043,ER,SKU1010,3,6.80,104.35
202510,2025-07-27,PED-202510-00256,R0043,App,SKU1014,5,29.14,236.96
202510,2025-07-27,PED-202510-00256,R0043,App,SKU1019,1,3.95,56.68
202510,2025-07-20,PED-202510-00257,R0049,App,SKU1001,3,9.23,173.50
202510,2025-07-20,PED-202510-00257,R0049,ER,SKU1011,2,29.38,219.82
202510,2025-07-20,PED-202510-00257,R0049,Força de Venda,SKU1017,5,3.89,161.66
202510,2025-07-14,PED-202510-00258,R0051,App,SKU1004,2,4.79,113.55
202510,2025-07-14,PED-202510-00258,R0051,Força de Venda,SKU1008,3,0.44,343.03
202510,2025-07-14,PED-202510-00258,R0051,Força de Venda,SKU1016,3,8.55,76.62
202510,2025-07-14,PED-202510-00258,R0051,ER,SKU1015,1,13.63,146.11
202510,2025-07-13,PED-202510-00259,R0052,ER,SKU1004,1,4.04,55.13
202510,2025-07-13,PED-202510-00259,R0052,App,SKU1007,3,10.52,179.83
202510,2025-07-13,PED-202510-00259,R0052,Força de Venda,SKU1009,3,13.33,138.47
202510,2025-07-13,PED-202510-00259,R0052,App,SKU1015,1,5.45,154.29
202510,2025-07-29,PED-202510-00260,R0053,Força de Venda,SKU1003,3,17.82,449.64
202510,2025-07-17,PED-202510-00261,R0057,Força de Venda,SKU1002,2,12.20,150.60
202510,2025-07-17,PED-202510-00262,R0059,ER,SKU1003,1,14.03,141.79
202510,2025-07-17,PED-202510-00262,R0059,App,SKU1006,4,56.39,423.97
202510,2025-07-17,PED-202510-00262,R0059,App,SKU1011,5,37.62,585.38
202511,2025-08-03,PED-202511-00263,R0003,ER,SKU1003,5,21.06,758.04
202511,2025-08-15,PED-202511-00264,R0004,Força de Venda,SKU1004,5,34.18,261.67
202511,2025-08-15,PED-202511-00264,R0004,App,SKU1011,1,14.83,109.77
202511,2025-08-06,PED-202511-00265,R0005,App,SKU1005,3,1.97,94.45
202511,2025-08-06,PED-202511-00265,R0005,Força de Venda,SKU1008,1,10.99,103.50
202511,2025-08-08,PED-202511-00266,R0006,Força de Venda,SKU1002,5,23.60,383.40
202511,2025-08-08,PED-202511-00266,R0006,Força de Venda,SKU1008,3,16.99,326.48
202511,2025-08-08,PED-202511-00266,R0006,ER,SKU1014,1,5.97,47.25
202511,2025-08-14,PED-202511-00267,R0007,App,SKU1001,2,6.96,114.86
202511,2025-08-14,PED-202511-00267,R0007,Força de Venda,SKU1009,4,23.04,179.36
202511,2025-08-14,PED-202511-00267,R0007,App,SKU1007,5,5.19,312.06
202511,2025-08-14,PED-202511-00267,R0007,ER,SKU1014,1,6.26,46.96
202511,2025-08-03,PED-202511-00268,R0009,Força de Venda,SKU1003,5,32.87,746.23
202511,2025-08-03,PED-202511-00268,R0009,ER,SKU1005,4,11.42,117.14
202511,2025-08-03,PED-202511-00268,R0009,App,SKU1008,3,1.72,341.75
202511,2025-08-03,PED-202511-00268,R0009,App,SKU1011,2,11.41,237.79
202511,2025-08-03,PED-202511-00268,R0009,App,SKU1015,3,51.70,427.52
202511,2025-08-02,PED-202511-00269,R0011,ER,SKU1002,1,9.53,71.87
202511,2025-08-02,PED-202511-00269,R0011,ER,SKU1011,5,50.09,572.91
202511,2025-08-02,PED-202511-00269,R0011,App,SKU1014,4,15.29,197.59
202511,2025-08-04,PED-202511-00270,R0013,App,SKU1003,2,18.63,293.01
202511,2025-08-04,PED-202511-00270,R0013,ER,SKU1010,2,1.16,72.94
202511,2025-08-04,PED-202511-00270,R0013,Força de Venda,SKU1012,4,1.74,93.82
202511,2025-08-04,PED-202511-00270,R0013,ER,SKU1016,2,6.58,50.20
202511,2025-08-04,PED-202511-00270,R0013,Força de Venda,SKU1018,2,3.16,266.70
202511,2025-08-20,PED-202511-00271,R0014,App,SKU1001,4,5.60,238.04
202511,2025-08-20,PED-202511-00271,R0014,App,SKU1008,2,27.22,201.76
202511,2025-08-20,PED-202511-00271,R0014,Força de Venda,SKU1011,3,25.93,347.87
202511,2025-08-12,PED-202511-00272,R0018,ER,SKU1006,4,10.61,469.75
202511,2025-08-12,PED-202511-00272,R0018,App,SKU1004,5,26.62,269.23
202511,2025-08-12,PED-202511-00272,R0018,App,SKU1013,1,4.08,66.96
202511,2025-08-19,PED-202511-00273,R0020,App,SKU1005,5,15.95,144.75
202511,2025-08-19,PED-202511-00273,R0020,ER,SKU1013,1,1.22,69.82
202511,2025-08-19,PED-202511-00273,R0020,App,SKU1012,5,3.44,116.01
202511,2025-08-08,PED-202511-00274,R0021,App,SKU1002,2,0.47,162.33
202511,2025-08-08,PED-202511-00274,R0021,Força de Venda,SKU1015,2,9.40,310.08
202511,2025-08-08,PED-202511-00274,R0021,ER,SKU1016,2,4.65,52.13
202511,2025-08-09,PED-202511-00275,R0024,ER,SKU1008,3,2.22,341.25
202511,2025-08-10,PED-202511-00276,R0025,App,SKU1005,1,0.01,32.13
202511,2025-08-07,PED-202511-00277,R0027,ER,SKU1005,3,9.74,86.68
202511,2025-08-07,PED-202511-00277,R0027,Força de Venda,SKU1011,3,13.88,359.92
202511,2025-08-07,PED-202511-00277,R0027,Força de Venda,SKU1016,1,2.82,25.57
202511,2025-08-07,PED-202511-00277,R0027,ER,SKU1019,4,26.82,215.70
202511,2025-08-04,PED-202511-00278,R0028,ER,SKU1015,3,30.44,448.78
202511,2025-08-04,PED-202511-00278,R0028,App,SKU1019,1,2.27,58.36
202511,2025-08-11,PED-202511-00279,R0029,App,SKU1006,5,15.66,584.79
202511,2025-08-11,PED-202511-00279,R0029,ER,SKU1016,1,2.07,26.32
202511,2025-08-11,PED-202511-00279,R0029,App,SKU1017,1,3.78,29.33
202511,2025-08-20,PED-202511-00280,R0032,App,SKU1002,5,17.00,390.00
202511,2025-08-20,PED-202511-00280,R0032,ER,SKU1010,1,3.36,33.69
202511,2025-08-20,PED-202511-00280,R0032,ER,SKU1009,1,4.94,45.66
202511,2025-08-20,PED-202511-00280,R0032,App,SKU1018,3,30.49,374.30
202511,2025-08-19,PED-202511-00281,R0034,Força de Venda,SKU1006,5,63.71,536.74
202511,2025-08-19,PED-202511-00281,R0034,Força de Venda,SKU1001,2,6.99,114.83
202511,2025-08-04,PED-202511-00282,R0035,ER,SKU1001,4,28.29,215.35
202511,2025-08-04,PED-202511-00282,R0035,Força de Venda,SKU1020,4,3.66,444.82
202511,2025-08-18,PED-202511-00283,R0039,ER,SKU1006,3,21.94,338.33
202511,2025-08-10,PED-202511-00284,R0042,Força de Venda,SKU1009,5,6.76,246.24
202511,2025-08-19,PED-202511-00285,R0043,Força de Venda,SKU1008,4,46.87,411.09
202511,2025-08-06,PED-202511-00286,R0047,App,SKU1005,1,3.52,28.62
202511,2025-08-06,PED-202511-00286,R0047,ER,SKU1011,2,10.08,239.12
202511,2025-08-06,PED-202511-00286,R0047,Força de Venda,SKU1016,1,1.45,26.94
202511,2025-08-06,PED-202511-00286,R0047,ER,SKU1017,2,2.70,63.52
202511,2025-08-09,PED-202511-00287,R0049,App,SKU1003,4,32.92,590.36
202511,2025-08-09,PED-202511-00287,R0049,ER,SKU1008,5,64.11,508.34
202511,2025-08-09,PED-202511-00287,R0049,App,SKU1012,2,0.46,47.32
202511,2025-08-09,PED-202511-00287,R0049,Força de Venda,SKU1016,3,4.11,81.06
202511,2025-08-08,PED-202511-00288,R0050,ER,SKU1002,1,0.00,81.40
202511,2025-08-08,PED-202511-00288,R0050,App,SKU1010,5,0.21,185.04
202511,2025-08-12,PED-202511-00289,R0051,App,SKU1004,4,17.41,219.27
202511,2025-08-12,PED-202511-00289,R0051,ER,SKU1016,4,12.90,100.66
202511,2025-08-04,PED-202511-00290,R0053,Força de Venda,SKU1009,4,0.93,201.47
202511,2025-08-04,PED-202511-00290,R0053,ER,SKU1018,3,21.43,383.36
202511,2025-08-05,PED-202511-00291,R0058,App,SKU1005,2,0.80,63.48
202511,2025-08-05,PED-202511-00291,R0058,ER,SKU1015,2,4.19,315.29
202512,2025-09-04,PED-202512-00292,R0002,ER,SKU1004,2,5.62,112.72
202512,2025-09-04,PED-202512-00292,R0002,ER,SKU1016,1,1.54,26.85
202512,2025-08-23,PED-202512-00293,R0003,App,SKU1002,2,8.90,153.90
202512,2025-08-23,PED-202512-00293,R0003,ER,SKU1020,2,9.50,214.74
202512,2025-09-01,PED-202512-00294,R0005,App,SKU1003,4,54.85,568.43
202512,2025-09-01,PED-202512-00294,R0005,Força de Venda,SKU1005,3,5.78,90.64
202512,2025-08-26,PED-202512-00295,R0006,Força de Venda,SKU1005,1,0.81,31.33
202512,2025-08-26,PED-202512-00295,R0006,ER,SKU1007,5,16.95,300.30
202512,2025-08-26,PED-202512-00295,R0006,Força de Venda,SKU1012,3,6.21,65.46
202512,2025-09-10,PED-202512-00296,R0007,ER,SKU1002,3,6.82,237.38
202512,2025-09-10,PED-202512-00296,R0007,Força de Venda,SKU1010,3,4.53,106.62
202512,2025-09-10,PED-202512-00296,R0007,App,SKU1016,4,5.53,108.03
202512,2025-09-01,PED-202512-00297,R0012,ER,SKU1006,5,64.94,535.51
202512,2025-09-01,PED-202512-00297,R0012,App,SKU1007,3,16.77,173.58
202512,2025-09-01,PED-202512-00297,R0012,App,SKU1013,4,10.09,274.07
202512,2025-09-02,PED-202512-00298,R0013,Força de Venda,SKU1005,4,4.13,124.43
202512,2025-09-01,PED-202512-00299,R0014,Força de Venda,SKU1001,4,7.94,235.70
202512,2025-09-01,PED-202512-00299,R0014,App,SKU1016,1,1.91,26.48
202512,2025-09-06,PED-202512-00300,R0015,Força de Venda,SKU1006,2,24.66,215.52
202512,2025-09-06,PED-202512-00300,R0015,App,SKU1007,4,26.71,227.09
202512,2025-09-08,PED-202512-00301,R0018,App,SKU1005,5,0.11,160.59
202512,2025-09-08,PED-202512-00301,R0018,Força de Venda,SKU1012,2,3.89,43.89
202512,2025-09-02,PED-202512-00302,R0019,Força de Venda,SKU1002,1,3.45,77.95
202512,2025-09-02,PED-202512-00302,R0019,App,SKU1006,2,3.91,236.27
202512,2025-09-02,PED-202512-00302,R0019,ER,SKU1012,3,6.83,64.84
202512,2025-08-25,PED-202512-00303,R0022,Força de Venda,SKU1003,5,18.02,761.08
202512,2025-08-25,PED-202512-00303,R0022,Força de Venda,SKU1015,2,12.47,307.01
202512,2025-09-11,PED-202512-00304,R0026,ER,SKU1001,5,14.40,290.15
202512,2025-09-11,PED-202512-00304,R0026,Força de Venda,SKU1006,1,3.29,116.80
202512,2025-09-11,PED-202512-00304,R0026,App,SKU1008,4,27.70,430.26
202512,2025-09-11,PED-202512-00304,R0026,ER,SKU1017,1,0.97,32.14
202512,2025-08-26,PED-202512-00305,R0027,ER,SKU1002,1,3.25,78.15
202512,2025-08-26,PED-202512-00305,R0027,Força de Venda,SKU1010,2,8.63,65.47
202512,2025-08-26,PED-202512-00305,R0027,App,SKU1013,2,7.71,134.37
202512,2025-08-26,PED-202512-00305,R0027,Força de Venda,SKU1016,3,7.87,77.30
202512,2025-09-01,PED-202512-00306,R0029,App,SKU1002,3,9.46,234.74
202512,2025-09-01,PED-202512-00306,R0029,App,SKU1013,5,39.90,315.30
202512,2025-09-01,PED-202512-00306,R0029,App,SKU1016,2,0.12,56.66
202512,2025-08-27,PED-202512-00307,R0032,ER,SKU1002,2,18.46,144.34
202512,2025-08-27,PED-202512-00307,R0032,Força de Venda,SKU1011,5,37.20,585.80
202512,2025-09-03,PED-202512-00308,R0037,ER,SKU1002,5,29.39,377.61
202512,2025-09-03,PED-202512-00308,R0037,Força de Venda,SKU1020,2,22.55,201.69
202512,2025-08-24,PED-202512-00309,R0039,Força de Venda,SKU1006,3,36.01,324.26
202512,2025-08-30,PED-202512-00310,R0043,Força de Venda,SKU1004,4,20.48,216.20
202512,2025-08-30,PED-202512-00310,R0043,App,SKU1012,1,1.84,22.05
202512,2025-08-30,PED-202512-00310,R0043,Força de Venda,SKU1017,3,0.74,98.59
202512,2025-09-03,PED-202512-00311,R0045,ER,SKU1003,4,32.49,590.79
202512,2025-09-03,PED-202512-00311,R0045,Força de Venda,SKU1009,2,0.86,100.34
202512,2025-08-26,PED-202512-00312,R0047,App,SKU1006,2,2.73,237.45
202512,2025-08-26,PED-202512-00312,R0047,App,SKU1003,5,29.27,749.83
202512,2025-08-28,PED-202512-00313,R0054,Força de Venda,SKU1003,3,5.34,462.12
202512,2025-08-28,PED-202512-00313,R0054,App,SKU1013,2,15.57,126.51
202512,2025-08-24,PED-202512-00314,R0057,Força de Venda,SKU1008,4,11.07,446.89
202512,2025-08-24,PED-202512-00314,R0057,Força de Venda,SKU1019,5,19.07,284.08
202512,2025-09-03,PED-202512-00315,R0058,Força de Venda,SKU1005,3,6.44,89.98
202512,2025-09-03,PED-202512-00315,R0058,ER,SKU1008,1,4.94,109.55
202512,2025-09-03,PED-202512-00315,R0058,ER,SKU1013,3,0.35,212.77
202512,2025-09-03,PED-202512-00315,R0058,Força de Venda,SKU1016,2,4.39,52.39
202512,2025-08-27,PED-202512-00316,R0060,ER,SKU1001,5,14.33,290.22
202512,2025-08-27,PED-202512-00316,R0060,ER,SKU1008,4,18.42,439.54
202512,2025-08-27,PED-202512-00316,R0060,ER,SKU1007,4,7.29,246.51
202513,2025-09-22,PED-202513-00317,R0001,Força de Venda,SKU1001,1,6.28,54.63
202513,2025-09-22,PED-202513-00317,R0001,ER,SKU1004,4,9.29,227.39
202513,2025-09-22,PED-202513-00317,R0001,App,SKU1011,1,8.37,116.23
202513,2025-09-21,PED-202513-00318,R0002,App,SKU1005,4,8.29,120.27
202513,2025-09-21,PED-202513-00318,R0002,Força de Venda,SKU1011,1,5.66,118.94
202513,2025-09-21,PED-202513-00318,R0002,ER,SKU1014,5,15.12,250.98
202513,2025-09-18,PED-202513-00319,R0003,App,SKU1006,1,1.30,118.79
202513,2025-09-18,PED-202513-00319,R0003,Força de Venda,SKU1010,4,17.43,130.77
202513,2025-09-18,PED-202513-00319,R0003,App,SKU1012,5,13.70,105.75
202513,2025-09-18,PED-202513-00319,R0003,App,SKU1017,5,16.37,149.18
202513,2025-09-23,PED-202513-00320,R0004,ER,SKU1006,3,15.35,344.92
202513,2025-09-23,PED-202513-00320,R0004,App,SKU1007,5,32.05,285.20
202513,2025-09-23,PED-202513-00320,R0004,ER,SKU1016,4,6.23,107.33
202513,2025-09-18,PED-202513-00321,R0006,Força de Venda,SKU1006,3,10.74,349.53
202513,2025-09-18,PED-202513-00321,R0006,App,SKU1011,3,21.55,352.25
202513,2025-09-28,PED-202513-00322,R0007,ER,SKU1001,4,6.93,236.71
202513,2025-09-28,PED-202513-00322,R0007,App,SKU1009,5,5.00,248.00
202513,2025-09-27,PED-202513-00323,R0008,App,SKU1004,3,13.80,163.71
202513,2025-09-27,PED-202513-00323,R0008,App,SKU1007,3,7.81,182.54
202513,2025-09-27,PED-202513-00323,R0008,ER,SKU1012,3,3.83,67.84
202513,2025-09-29,PED-202513-00324,R0009,ER,SKU1004,3,9.42,168.09
202513,2025-09-29,PED-202513-00324,R0009,ER,SKU1009,3,5.30,146.50
202513,2025-09-29,PED-202513-00324,R0009,App,SKU1015,4,56.34,582.62
202513,2025-09-29,PED-202513-00324,R0009,ER,SKU1017,4,14.19,118.25
202513,2025-10-02,PED-202513-00325,R0011,App,SKU1006,2,3.57,236.61
202513,2025-10-02,PED-202513-00325,R0011,App,SKU1001,2,10.14,111.68
202513,2025-10-02,PED-202513-00325,R0011,ER,SKU1010,5,16.00,169.25
202513,2025-10-02,PED-202513-00325,R0011,Força de Venda,SKU1011,5,4.40,618.60
202513,2025-10-02,PED-202513-00325,R0011,App,SKU1017,3,4.06,95.27
202513,2025-10-02,PED-202513-00325,R0011,ER,SKU1015,5,41.03,757.67
202513,2025-09-14,PED-202513-00326,R0012,App,SKU1001,4,20.54,223.10
202513,2025-09-14,PED-202513-00326,R0012,Força de Venda,SKU1010,5,16.62,168.63
202513,2025-09-14,PED-202513-00326,R0012,Força de Venda,SKU1014,3,12.72,146.94
202513,2025-09-25,PED-202513-00327,R0013,App,SKU1001,5,7.73,296.82
202513,2025-09-25,PED-202513-00327,R0013,ER,SKU1005,5,5.90,154.80
202513,2025-09-25,PED-202513-00327,R0013,ER,SKU1008,3,26.87,316.60
202513,2025-09-25,PED-202513-00327,R0013,Força de Venda,SKU1012,1,0.21,23.68
202513,2025-09-23,PED-202513-00328,R0014,ER,SKU1004,1,3.24,55.93
202513,2025-09-23,PED-202513-00328,R0014,App,SKU1002,3,23.96,220.24
202513,2025-09-23,PED-202513-00328,R0014,ER,SKU1011,2,7.45,241.75
202513,2025-09-15,PED-202513-00329,R0015,Força de Venda,SKU1004,1,2.57,56.60
202513,2025-09-15,PED-202513-00329,R0015,App,SKU1006,4,33.36,447.00
202513,2025-09-15,PED-202513-00329,R0015,Força de Venda,SKU1008,5,38.77,533.68
202513,2025-09-15,PED-202513-00329,R0015,ER,SKU1017,5,0.87,164.68
202513,2025-09-15,PED-202513-00329,R0015,ER,SKU1015,2,14.92,304.56
202513,2025-09-21,PED-202513-00330,R0016,App,SKU1018,5,7.24,667.41
202513,2025-09-22,PED-202513-00331,R0022,App,SKU1019,2,10.99,110.27
202513,2025-09-29,PED-202513-00332,R0025,Força de Venda,SKU1005,3,6.91,89.51
202513,2025-09-29,PED-202513-00332,R0025,App,SKU1010,1,4.15,32.90
202513,2025-09-29,PED-202513-00332,R0025,Força de Venda,SKU1015,2,33.11,286.37
202513,2025-09-29,PED-202513-00332,R0025,Força de Venda,SKU1019,4,2.20,240.32
202513,2025-09-29,PED-202513-00332,R0025,Força de Venda,SKU1020,4,24.39,424.09
202513,2025-09-25,PED-202513-00333,R0028,Força de Venda,SKU1006,3,5.37,354.90
202513,2025-09-25,PED-202513-00333,R0028,ER,SKU1009,2,4.77,96.43
202513,2025-09-25,PED-202513-00333,R0028,ER,SKU1016,5,14.04,127.91
202513,2025-09-23,PED-202513-00334,R0042,Força de Venda,SKU1002,4,8.19,317.41
202513,2025-09-23,PED-202513-00334,R0042,Força de Venda,SKU1005,4,10.19,118.37
202513,2025-09-17,PED-202513-00335,R0043,Força de Venda,SKU1001,2,9.69,112.13
202513,2025-09-17,PED-202513-00335,R0043,App,SKU1010,5,3.02,182.23
202513,2025-09-17,PED-202513-00335,R0043,Força de Venda,SKU1016,1,1.08,27.31
202513,2025-10-01,PED-202513-00336,R0044,ER,SKU1005,2,6.70,57.58
202513,2025-10-01,PED-202513-00336,R0044,App,SKU1016,3,1.77,83.40
202513,2025-10-01,PED-202513-00336,R0044,App,SKU1018,2,28.30,241.56
202513,2025-10-01,PED-202513-00336,R0044,App,SKU1020,4,44.06,404.42
202513,2025-09-17,PED-202513-00337,R0059,Força de Venda,SKU1005,2,5.65,58.63
202513,2025-09-17,PED-202513-00337,R0059,App,SKU1010,4,17.40,130.80
202513,2025-09-17,PED-202513-00337,R0059,App,SKU1008,1,6.33,108.16
202513,2025-09-17,PED-202513-00337,R0059,ER,SKU1015,5,59.82,738.88
202513,2025-09-17,PED-202513-00337,R0059,ER,SKU1018,1,6.90,128.03
202513,2025-09-25,PED-202513-00338,R0060,App,SKU1006,2,4.43,235.75
202514,2025-10-20,PED-202514-00339,R0001,ER,SKU1002,2,16.73,146.07
202514,2025-10-20,PED-202514-00339,R0001,Força de Venda,SKU1007,5,1.47,315.78
202514,2025-10-20,PED-202514-00339,R0001,ER,SKU1017,5,16.90,148.65
202514,2025-10-23,PED-202514-00340,R0002,App,SKU1002,3,1.49,242.71
202514,2025-10-23,PED-202514-00340,R0002,App,SKU1009,3,5.45,146.35
202514,2025-10-23,PED-202514-00340,R0002,Força de Venda,SKU1017,2,3.17,63.05
202514,2025-10-21,PED-202514-00341,R0003,ER,SKU1002,3,18.96,225.24
202514,2025-10-21,PED-202514-00341,R0003,App,SKU1013,2,11.22,130.86
202514,2025-10-21,PED-202514-00341,R0003,App,SKU1016,3,5.65,79.52
202514,2025-10-19,PED-202514-00342,R0004,App,SKU1003,3,53.30,414.16
202514,2025-10-19,PED-202514-00342,R0004,Força de Venda,SKU1001,4,17.70,225.94
202514,2025-10-19,PED-202514-00342,R0004,Força de Venda,SKU1015,5,76.13,722.57
202514,2025-10-22,PED-202514-00343,R0005,ER,SKU1004,1,5.22,53.95
202514,2025-10-22,PED-202514-00343,R0005,ER,SKU1010,5,3.40,181.85
202514,2025-10-17,PED-202514-00344,R0006,Força de Venda,SKU1005,3,5.76,90.66
202514,2025-10-17,PED-202514-00344,R0006,App,SKU1011,3,25.97,347.83
202514,2025-10-10,PED-202514-00345,R0008,ER,SKU1004,4,18.42,218.26
202514,2025-10-11,PED-202514-00346,R0009,App,SKU1002,3,27.73,216.47
202514,2025-10-11,PED-202514-00346,R0009,ER,SKU1008,4,40.94,417.02
202514,2025-10-11,PED-202514-00346,R0009,App,SKU1009,5,17.31,235.69
202514,2025-10-11,PED-202514-00346,R0009,App,SKU1017,5,13.35,152.20
202514,2025-10-17,PED-202514-00347,R0010,Força de Venda,SKU1002,1,5.77,75.63
202514,2025-10-17,PED-202514-00347,R0010,ER,SKU1008,1,9.45,105.04
202514,2025-10-17,PED-202514-00348,R0014,App,SKU1004,2,9.82,108.52
202514,2025-10-17,PED-202514-00348,R0014,ER,SKU1008,4,28.16,429.80
202514,2025-10-17,PED-202514-00348,R0014,ER,SKU1011,4,51.01,447.39
202514,2025-10-17,PED-202514-00348,R0014,ER,SKU1012,2,2.57,45.21
202514,2025-10-17,PED-202514-00348,R0014,ER,SKU1020,2,23.09,201.15
202514,2025-10-20,PED-202514-00349,R0015,App,SKU1002,3,11.29,232.91
202514,2025-10-18,PED-202514-00350,R0018,ER,SKU1001,1,5.23,55.68
202514,2025-10-18,PED-202514-00350,R0018,Força de Venda,SKU1005,3,2.86,93.56
202514,2025-10-18,PED-202514-00350,R0018,ER,SKU1011,5,15.78,607.22
202514,2025-10-18,PED-202514-00350,R0018,ER,SKU1015,5,76.86,721.84
202514,2025-10-13,PED-202514-00351,R0019,ER,SKU1004,3,6.87,170.64
202514,2025-10-14,PED-202514-00352,R0020,ER,SKU1001,3,17.45,165.28
202514,2025-10-14,PED-202514-00352,R0020,ER,SKU1010,1,0.30,36.75
202514,2025-10-14,PED-202514-00352,R0020,App,SKU1008,2,14.31,214.67
202514,2025-10-14,PED-202514-00352,R0020,Força de Venda,SKU1012,3,3.47,68.20
202514,2025-10-22,PED-202514-00353,R0024,ER,SKU1006,4,43.86,436.50
202514,2025-10-22,PED-202514-00353,R0024,Força de Venda,SKU1007,5,36.70,280.55
202514,2025-10-18,PED-202514-00354,R0029,Força de Venda,SKU1002,3,19.21,224.99
202514,2025-10-18,PED-202514-00354,R0029,Força de Venda,SKU1013,4,29.87,254.29
202514,2025-10-17,PED-202514-00355,R0031,ER,SKU1002,2,17.50,145.30
202514,2025-10-17,PED-202514-00355,R0031,App,SKU1009,5,21.17,231.83
202514,2025-10-17,PED-202514-00355,R0031,App,SKU1016,4,0.28,113.28
202514,2025-10-17,PED-202514-00355,R0031,App,SKU1015,5,75.28,723.42
202514,2025-10-13,PED-202514-00356,R0032,App,SKU1002,2,2.04,160.76
202514,2025-10-13,PED-202514-00356,R0032,App,SKU1004,1,2.86,56.31
202514,2025-10-05,PED-202514-00357,R0034,Força de Venda,SKU1011,1,7.78,116.82
202514,2025-10-05,PED-202514-00357,R0034,Força de Venda,SKU1008,3,9.44,334.03
202514,2025-10-05,PED-202514-00357,R0034,Força de Venda,SKU1017,2,5.91,60.31
202514,2025-10-19,PED-202514-00358,R0035,App,SKU1001,3,4.48,178.25
202514,2025-10-10,PED-202514-00359,R0043,Força de Venda,SKU1004,5,30.15,265.70
202514,2025-10-10,PED-202514-00359,R0043,App,SKU1007,5,3.99,313.26
202514,2025-10-17,PED-202514-00360,R0045,App,SKU1006,3,27.19,333.08
202514,2025-10-17,PED-202514-00360,R0045,App,SKU1007,1,1.28,62.17
202514,2025-10-13,PED-202514-00361,R0052,ER,SKU1006,1,3.65,116.44
202514,2025-10-13,PED-202514-00361,R0052,App,SKU1012,1,2.76,21.13
202514,2025-10-09,PED-202514-00362,R0059,ER,SKU1008,3,38.37,305.10
202514,2025-10-09,PED-202514-00362,R0059,App,SKU1014,1,3.59,49.63
202514,2025-10-09,PED-202514-00362,R0059,App,SKU1017,3,5.42,93.91
202515,2025-10-30,PED-202515-00363,R0003,ER,SKU1001,3,4.05,178.68
202515,2025-10-30,PED-202515-00363,R0003,ER,SKU1010,4,9.92,138.28
202515,2025-10-30,PED-202515-00363,R0003,ER,SKU1013,1,0.79,70.25
202515,2025-10-30,PED-202515-00363,R0003,App,SKU1012,2,5.18,42.60
202515,2025-11-07,PED-202515-00364,R0004,ER,SKU1001,1,3.82,57.09
202515,2025-11-07,PED-202515-00364,R0004,Força de Venda,SKU1008,5,59.75,512.70
202515,2025-11-07,PED-202515-00364,R0004,App,SKU1018,2,17.74,252.12
202515,2025-11-11,PED-202515-00365,R0005,App,SKU1003,3,30.43,437.03
202515,2025-11-11,PED-202515-00365,R0005,ER,SKU1009,2,11.14,90.06
202515,2025-11-11,PED-202515-00365,R0005,App,SKU1017,3,4.41,94.92
202515,2025-11-07,PED-202515-00366,R0007,ER,SKU1003,4,6.75,616.53
202515,2025-11-07,PED-202515-00366,R0007,ER,SKU1002,3,4.15,240.05
202515,2025-11-07,PED-202515-00366,R0007,App,SKU1011,4,25.67,472.73
202515,2025-11-07,PED-202515-00366,R0007,Força de Venda,SKU1016,4,3.09,110.47
202515,2025-11-06,PED-202515-00367,R0008,Força de Venda,SKU1006,1,0.05,120.04
202515,2025-11-06,PED-202515-00367,R0008,Força de Venda,SKU1017,1,3.57,29.54
202515,2025-11-12,PED-202515-00368,R0010,ER,SKU1002,2,14.23,148.57
202515,2025-11-12,PED-202515-00368,R0010,Força de Venda,SKU1011,4,43.62,454.78
202515,2025-10-26,PED-202515-00369,R0011,ER,SKU1002,1,0.52,80.88
202515,2025-11-03,PED-202515-00370,R0014,Força de Venda,SKU1005,5,11.24,149.46
202515,2025-11-03,PED-202515-00370,R0014,App,SKU1007,5,25.97,291.28
202515,2025-10-27,PED-202515-00371,R0016,Força de Venda,SKU1001,5,26.82,277.73
202515,2025-10-27,PED-202515-00371,R0016,ER,SKU1019,3,0.23,181.66
202515,2025-11-08,PED-202515-00372,R0018,Força de Venda,SKU1001,5,29.30,275.25
202515,2025-11-08,PED-202515-00372,R0018,Força de Venda,SKU1007,4,4.64,249.16
202515,2025-11-08,PED-202515-00372,R0018,App,SKU1009,1,3.19,47.41
202515,2025-11-08,PED-202515-00372,R0018,ER,SKU1017,4,1.83,130.61
202515,2025-11-02,PED-202515-00373,R0019,App,SKU1001,4,28.13,215.51
202515,2025-11-02,PED-202515-00373,R0019,ER,SKU1002,5,28.59,378.41
202515,2025-11-02,PED-202515-00373,R0019,App,SKU1011,4,10.08,488.32
202515,2025-11-02,PED-202515-00373,R0019,App,SKU1019,3,13.92,167.97
202515,2025-11-12,PED-202515-00374,R0020,Força de Venda,SKU1003,5,36.75,742.35
202515,2025-10-30,PED-202515-00375,R0021,Força de Venda,SKU1001,3,6.83,175.90
202515,2025-10-30,PED-202515-00375,R0021,Força de Venda,SKU1008,3,27.07,316.40
202515,2025-11-04,PED-202515-00376,R0022,App,SKU1002,2,19.01,143.79
202515,2025-11-04,PED-202515-00376,R0022,Força de Venda,SKU1010,3,7.93,103.22
202515,2025-11-04,PED-202515-00376,R0022,App,SKU1012,4,2.10,93.46
202515,2025-11-04,PED-202515-00376,R0022,Força de Venda,SKU1016,3,2.04,83.13
202515,2025-11-04,PED-202515-00376,R0022,ER,SKU1017,2,3.82,62.40
202515,2025-11-03,PED-202515-00377,R0023,App,SKU1005,5,0.10,160.60
202515,2025-11-03,PED-202515-00377,R0023,Força de Venda,SKU1012,3,5.19,66.48
202515,2025-11-03,PED-202515-00377,R0023,ER,SKU1016,4,10.59,102.97
202515,2025-10-25,PED-202515-00378,R0024,Força de Venda,SKU1005,4,3.23,125.33
202515,2025-10-25,PED-202515-00378,R0024,Força de Venda,SKU1013,3,23.97,189.15
202515,2025-10-25,PED-202515-00378,R0024,ER,SKU1016,3,6.39,78.78
202515,2025-10-25,PED-202515-00379,R0027,ER,SKU1006,1,1.30,118.79
202515,2025-10-25,PED-202515-00379,R0027,App,SKU1020,2,5.64,218.60
202515,2025-11-12,PED-202515-00380,R0029,Força de Venda,SKU1001,2,10.48,111.34
202515,2025-11-12,PED-202515-00380,R0029,ER,SKU1004,5,23.78,272.07
202515,2025-10-27,PED-202515-00381,R0030,App,SKU1005,4,7.79,120.77
202515,2025-10-27,PED-202515-00381,R0030,ER,SKU1004,2,4.61,113.73
202515,2025-10-27,PED-202515-00381,R0030,ER,SKU1017,4,4.64,127.80
202515,2025-10-26,PED-202515-00382,R0038,Força de Venda,SKU1003,1,14.34,141.48
202515,2025-10-26,PED-202515-00382,R0038,Força de Venda,SKU1008,4,5.95,452.01
202515,2025-11-09,PED-202515-00383,R0041,ER,SKU1006,2,28.56,211.62
202515,2025-11-09,PED-202515-00383,R0041,ER,SKU1014,3,18.65,141.01
202515,2025-11-09,PED-202515-00383,R0041,Força de Venda,SKU1013,5,21.40,333.80
202515,2025-11-09,PED-202515-00383,R0041,Força de Venda,SKU1015,5,67.22,731.48
202515,2025-11-09,PED-202515-00383,R0041,App,SKU1016,3,7.81,77.36
202515,2025-11-09,PED-202515-00383,R0041,Força de Venda,SKU1019,4,17.64,224.88
202515,2025-11-08,PED-202515-00384,R0042,ER,SKU1001,1,6.46,54.45
202515,2025-11-08,PED-202515-00384,R0042,Força de Venda,SKU1007,3,11.44,178.91
202515,2025-11-01,PED-202515-00385,R0048,App,SKU1003,2,36.42,275.22
202515,2025-11-01,PED-202515-00385,R0048,ER,SKU1010,4,14.45,133.75
202515,2025-10-28,PED-202515-00386,R0059,Força de Venda,SKU1006,1,7.69,112.40
202515,2025-10-28,PED-202515-00386,R0059,Força de Venda,SKU1005,2,4.12,60.16
202515,2025-10-28,PED-202515-00386,R0059,ER,SKU1007,3,19.00,171.35
202515,2025-10-28,PED-202515-00386,R0059,App,SKU1008,1,10.14,104.35
202515,2025-10-28,PED-202515-00386,R0059,ER,SKU1017,2,1.58,64.64
202516,2025-11-28,PED-202516-00387,R0002,Força de Venda,SKU1008,2,9.24,219.74
202516,2025-11-28,PED-202516-00387,R0002,ER,SKU1010,1,1.99,35.06
202516,2025-11-17,PED-202516-00388,R0003,ER,SKU1001,2,12.35,109.47
202516,2025-11-17,PED-202516-00388,R0003,App,SKU1011,2,16.40,232.80
202516,2025-11-27,PED-202516-00389,R0004,App,SKU1001,3,13.11,169.62
202516,2025-11-27,PED-202516-00389,R0004,App,SKU1008,1,3.01,111.48
202516,2025-11-27,PED-202516-00389,R0004,Força de Venda,SKU1013,4,12.98,271.18
202516,2025-11-27,PED-202516-00389,R0004,ER,SKU1018,4,26.98,512.74
202516,2025-11-27,PED-202516-00389,R0004,App,SKU1020,2,1.67,222.57
202516,2025-11-15,PED-202516-00390,R0006,ER,SKU1001,4,28.09,215.55
202516,2025-11-18,PED-202516-00391,R0008,ER,SKU1002,1,1.45,79.95
202516,2025-11-18,PED-202516-00391,R0008,App,SKU1010,1,2.59,34.46
202516,2025-11-18,PED-202516-00391,R0008,ER,SKU1015,1,9.90,149.84
202516,2025-11-27,PED-202516-00392,R0011,ER,SKU1001,2,13.50,108.32
202516,2025-11-27,PED-202516-00392,R0011,App,SKU1010,1,1.89,35.16
202516,2025-11-27,PED-202516-00392,R0011,Força de Venda,SKU1015,1,7.44,152.30
202516,2025-11-18,PED-202516-00393,R0012,ER,SKU1005,5,10.60,150.10
202516,2025-11-18,PED-202516-00393,R0012,ER,SKU1011,5,63.16,559.84
202516,2025-11-18,PED-202516-00393,R0012,App,SKU1017,4,9.77,122.67
202516,2025-11-18,PED-202516-00393,R0012,App,SKU1020,2,9.30,214.94
202516,2025-11-18,PED-202516-00393,R0012,Força de Venda,SKU1018,1,4.97,129.96
202516,2025-11-20,PED-202516-00394,R0013,Força de Venda,SKU1005,3,3.99,92.43
202516,2025-11-20,PED-202516-00394,R0013,Força de Venda,SKU1015,3,55.32,423.90
202516,2025-11-15,PED-202516-00395,R0015,App,SKU1006,5,64.32,536.13
202516,2025-11-15,PED-202516-00395,R0015,ER,SKU1007,3,7.27,183.08
202516,2025-11-15,PED-202516-00395,R0015,Força de Venda,SKU1014,5,25.95,240.15
202516,2025-11-23,PED-202516-00396,R0016,App,SKU1001,5,8.58,295.97
202516,2025-11-23,PED-202516-00396,R0016,App,SKU1005,5,11.97,148.73
202516,2025-11-23,PED-202516-00396,R0016,App,SKU1014,5,20.62,245.48
202516,2025-11-23,PED-202516-00396,R0016,ER,SKU1019,4,15.83,226.69
202516,2025-11-20,PED-202516-00397,R0017,ER,SKU1003,4,39.00,584.28
202516,2025-11-20,PED-202516-00397,R0017,App,SKU1011,4,0.46,497.94
202516,2025-11-20,PED-202516-00397,R0017,ER,SKU1016,3,3.09,82.08
202516,2025-11-27,PED-202516-00398,R0018,App,SKU1004,5,2.51,293.34
202516,2025-11-27,PED-202516-00398,R0018,App,SKU1011,3,20.81,352.99
202516,2025-11-27,PED-202516-00398,R0018,ER,SKU1016,5,5.97,135.98
202516,2025-11-27,PED-202516-00398,R0018,Força de Venda,SKU1015,2,27.44,292.04
202516,2025-11-27,PED-202516-00398,R0018,Força de Venda,SKU1018,1,11.33,123.60
202516,2025-11-21,PED-202516-00399,R0019,ER,SKU1001,3,19.46,163.27
202516,2025-11-21,PED-202516-00399,R0019,ER,SKU1009,5,3.92,249.08
202516,2025-11-21,PED-202516-00399,R0019,Força de Venda,SKU1017,5,6.31,159.24
202516,2025-11-27,PED-202516-00400,R0020,ER,SKU1006,3,2.10,358.17
202516,2025-11-27,PED-202516-00400,R0020,ER,SKU1009,3,1.68,150.12
202516,2025-11-18,PED-202516-00401,R0023,App,SKU1004,3,13.40,164.11
202516,2025-11-18,PED-202516-00401,R0023,App,SKU1007,1,2.79,60.66
202516,2025-11-18,PED-202516-00401,R0023,ER,SKU1010,3,10.32,100.83
202516,2025-11-17,PED-202516-00402,R0024,ER,SKU1004,5,11.90,283.95
202516,2025-11-17,PED-202516-00402,R0024,ER,SKU1011,4,15.69,482.71
202516,2025-11-18,PED-202516-00403,R0025,App,SKU1002,2,7.32,155.48
202516,2025-11-18,PED-202516-00403,R0025,ER,SKU1008,2,7.65,221.33
202516,2025-11-21,PED-202516-00404,R0029,App,SKU1005,1,3.40,28.74
202516,2025-11-21,PED-202516-00404,R0029,App,SKU1010,3,9.17,101.98
202516,2025-11-21,PED-202516-00404,R0029,ER,SKU1016,3,8.36,76.81
202516,2025-11-19,PED-202516-00405,R0034,ER,SKU1003,5,66.66,712.44
202516,2025-11-19,PED-202516-00405,R0034,Força de Venda,SKU1017,3,5.14,94.19
202516,2025-11-17,PED-202516-00406,R0035,Força de Venda,SKU1005,2,5.60,58.68
202516,2025-11-17,PED-202516-00406,R0035,ER,SKU1009,4,3.20,199.20
202516,2025-11-17,PED-202516-00406,R0035,ER,SKU1015,3,52.43,426.79
202516,2025-12-02,PED-202516-00407,R0036,Força de Venda,SKU1003,3,7.94,459.52
202516,2025-12-02,PED-202516-00407,R0036,App,SKU1010,5,8.64,176.61
202516,2025-12-02,PED-202516-00407,R0036,App,SKU1012,4,10.12,85.44
202516,2025-12-02,PED-202516-00407,R0036,App,SKU1014,2,11.71,94.73
202516,2025-12-02,PED-202516-00407,R0036,Força de Venda,SKU1015,5,41.82,756.88
202516,2025-12-02,PED-202516-00407,R0036,Força de Venda,SKU1020,4,3.43,445.05
202516,2025-12-02,PED-202516-00408,R0037,Força de Venda,SKU1003,2,27.15,284.49
202516,2025-12-02,PED-202516-00408,R0037,ER,SKU1009,4,7.70,194.70
202516,2025-12-02,PED-202516-00408,R0037,Força de Venda,SKU1017,1,3.41,29.70
202516,2025-12-02,PED-202516-00409,R0038,App,SKU1006,2,2.78,237.40
202516,2025-11-25,PED-202516-00410,R0039,ER,SKU1005,2,0.45,63.83
202516,2025-11-25,PED-202516-00410,R0039,Força de Venda,SKU1004,5,2.21,293.64
202516,2025-11-25,PED-202516-00410,R0039,Força de Venda,SKU1018,5,3.42,671.23
202516,2025-11-25,PED-202516-00411,R0040,ER,SKU1001,2,13.06,108.76
202516,2025-11-25,PED-202516-00411,R0040,ER,SKU1011,1,1.41,123.19
202516,2025-11-16,PED-202516-00412,R0042,Força de Venda,SKU1004,1,1.80,57.37
202516,2025-11-16,PED-202516-00412,R0042,Força de Venda,SKU1020,1,11.09,101.03
202516,2025-12-01,PED-202516-00413,R0043,Força de Venda,SKU1006,4,27.89,452.47
202516,2025-12-01,PED-202516-00413,R0043,Força de Venda,SKU1009,4,22.99,179.41
202516,2025-12-01,PED-202516-00413,R0043,App,SKU1017,1,2.63,30.48
202516,2025-11-26,PED-202516-00414,R0046,ER,SKU1006,4,55.53,424.83
202516,2025-11-26,PED-202516-00414,R0046,App,SKU1012,4,2.72,92.84
202516,2025-11-26,PED-202516-00414,R0046,ER,SKU1013,5,30.33,324.87
202516,2025-11-26,PED-202516-00414,R0046,ER,SKU1015,1,13.02,146.72
202516,2025-11-22,PED-202516-00415,R0048,Força de Venda,SKU1003,5,92.43,686.67
202516,2025-11-22,PED-202516-00415,R0048,ER,SKU1015,3,50.26,428.96
202516,2025-11-17,PED-202516-00416,R0051,Força de Venda,SKU1004,2,8.20,110.14
202516,2025-11-17,PED-202516-00416,R0051,App,SKU1007,5,25.49,291.76
202516,2025-11-17,PED-202516-00416,R0051,ER,SKU1008,4,1.45,456.51
202516,2025-12-03,PED-202516-00417,R0054,ER,SKU1001,4,20.70,222.94
202516,2025-12-03,PED-202516-00417,R0054,Força de Venda,SKU1003,1,10.86,144.96
202516,2025-12-03,PED-202516-00417,R0054,ER,SKU1010,3,2.56,108.59
202516,2025-12-03,PED-202516-00417,R0054,Força de Venda,SKU1017,4,5.46,126.98
202516,2025-12-03,PED-202516-00417,R0054,App,SKU1015,4,30.04,608.92
202516,2025-12-01,PED-202516-00418,R0055,ER,SKU1006,1,7.31,112.78
202516,2025-12-01,PED-202516-00418,R0055,Força de Venda,SKU1009,2,2.75,98.45
202516,2025-12-01,PED-202516-00418,R0055,ER,SKU1013,3,5.73,207.39
202517,2025-12-13,PED-202517-00419,R0001,App,SKU1001,4,22.55,221.09
202517,2025-12-13,PED-202517-00419,R0001,Força de Venda,SKU1012,1,1.28,22.61
202517,2025-12-13,PED-202517-00419,R0001,ER,SKU1017,1,1.64,31.47
202517,2025-12-23,PED-202517-00420,R0002,ER,SKU1004,1,0.92,58.25
202517,2025-12-08,PED-202517-00421,R0003,Força de Venda,SKU1005,1,3.56,28.58
202517,2025-12-08,PED-202517-00421,R0003,ER,SKU1011,1,5.43,119.17
202517,2025-12-12,PED-202517-00422,R0006,Força de Venda,SKU1002,4,0.76,324.84
202517,2025-12-12,PED-202517-00422,R0006,ER,SKU1009,4,23.58,178.82
202517,2025-12-10,PED-202517-00423,R0007,App,SKU1004,5,26.74,269.11
202517,2025-12-10,PED-202517-00423,R0007,ER,SKU1008,3,34.12,309.35
202517,2025-12-10,PED-202517-00423,R0007,App,SKU1011,3,43.59,330.21
202517,2025-12-10,PED-202517-00423,R0007,Força de Venda,SKU1017,4,15.08,117.36
202517,2025-12-10,PED-202517-00423,R0007,Força de Venda,SKU1015,1,5.68,154.06
202517,2025-12-19,PED-202517-00424,R0010,Força de Venda,SKU1005,2,5.36,58.92
202517,2025-12-19,PED-202517-00424,R0010,Força de Venda,SKU1018,1,11.83,123.10
202517,2025-12-20,PED-202517-00425,R0014,App,SKU1002,3,28.40,215.80
202517,2025-12-20,PED-202517-00425,R0014,Força de Venda,SKU1011,1,0.80,123.80
202517,2025-12-16,PED-202517-00426,R0015,Força de Venda,SKU1004,4,4.25,232.43
202517,2025-12-13,PED-202517-00427,R0016,App,SKU1006,1,12.56,107.53
202517,2025-12-07,PED-202517-00428,R0018,Força de Venda,SKU1002,5,4.12,402.88
202517,2025-12-07,PED-202517-00428,R0018,ER,SKU1008,3,32.86,310.61
202517,2025-12-07,PED-202517-00428,R0018,App,SKU1015,2,17.35,302.13
202517,2025-12-23,PED-202517-00429,R0020,App,SKU1001,1,4.65,56.26
202517,2025-12-23,PED-202517-00429,R0020,Força de Venda,SKU1011,3,7.59,366.21
202517,2025-12-23,PED-202517-00429,R0020,Força de Venda,SKU1009,4,12.58,189.82
202517,2025-12-25,PED-202517-00430,R0023,ER,SKU1006,2,16.14,224.04
202517,2025-12-25,PED-202517-00430,R0023,App,SKU1009,3,3.59,148.21
202517,2025-12-25,PED-202517-00430,R0023,Força de Venda,SKU1013,2,15.45,126.63
202517,2025-12-25,PED-202517-00431,R0025,Força de Venda,SKU1001,3,19.97,162.76
202517,2025-12-25,PED-202517-00431,R0025,App,SKU1009,4,17.61,184.79
202517,2025-12-25,PED-202517-00431,R0025,Força de Venda,SKU1015,2,8.08,311.40
202517,2025-12-25,PED-202517-00431,R0025,App,SKU1019,2,3.33,117.93
202517,2025-12-14,PED-202517-00432,R0026,ER,SKU1003,1,10.61,145.21
202517,2025-12-14,PED-202517-00432,R0026,App,SKU1007,2,10.67,116.23
202517,2025-12-10,PED-202517-00433,R0027,Força de Venda,SKU1001,4,8.04,235.60
202517,2025-12-10,PED-202517-00433,R0027,App,SKU1008,3,8.90,334.57
202517,2025-12-10,PED-202517-00433,R0027,ER,SKU1014,2,4.90,101.54
202517,2025-12-13,PED-202517-00434,R0028,App,SKU1001,4,18.04,225.60
202517,2025-12-13,PED-202517-00434,R0028,App,SKU1009,1,4.72,45.88
202517,2025-12-13,PED-202517-00434,R0028,ER,SKU1014,2,3.00,103.44
202517,2025-12-07,PED-202517-00435,R0030,Força de Venda,SKU1001,3,5.54,177.19
202517,2025-12-07,PED-202517-00435,R0030,App,SKU1006,3,26.24,334.03
202517,2025-12-07,PED-202517-00435,R0030,App,SKU1012,5,13.22,106.23
202517,2025-12-07,PED-202517-00436,R0033,App,SKU1004,2,13.65,104.69
202517,2025-12-07,PED-202517-00436,R0033,App,SKU1001,4,4.76,238.88
202517,2025-12-07,PED-202517-00436,R0033,Força de Venda,SKU1012,5,3.09,116.36
202517,2025-12-07,PED-202517-00436,R0033,ER,SKU1014,2,0.13,106.31
202517,2025-12-07,PED-202517-00436,R0033,App,SKU1020,5,23.25,537.35
202517,2025-12-08,PED-202517-00437,R0034,App,SKU1003,2,9.93,301.71
202517,2025-12-10,PED-202517-00438,R0035,Força de Venda,SKU1003,3,44.78,422.68
202517,2025-12-10,PED-202517-00438,R0035,Força de Venda,SKU1008,5,57.73,514.72
202517,2025-12-17,PED-202517-00439,R0038,ER,SKU1004,1,2.25,56.92
202517,2025-12-17,PED-202517-00439,R0038,App,SKU1010,3,6.71,104.44
202517,2025-12-17,PED-202517-00439,R0038,App,SKU1008,2,24.01,204.97
202517,2025-12-07,PED-202517-00440,R0040,Força de Venda,SKU1003,3,31.86,435.60
202517,2025-12-07,PED-202517-00440,R0040,Força de Venda,SKU1005,3,8.82,87.60
202517,2025-12-07,PED-202517-00440,R0040,Força de Venda,SKU1008,4,52.49,405.47
202517,2025-12-07,PED-202517-00440,R0040,ER,SKU1017,5,2.77,162.78
202517,2025-12-19,PED-202517-00441,R0047,Força de Venda,SKU1001,3,16.35,166.38
202517,2025-12-19,PED-202517-00441,R0047,ER,SKU1011,3,25.84,347.96
202517,2025-12-25,PED-202517-00442,R0055,App,SKU1001,5,9.32,295.23
202517,2025-12-25,PED-202517-00442,R0055,ER,SKU1008,5,46.71,525.74
202517,2025-12-18,PED-202517-00443,R0059,ER,SKU1005,1,1.77,30.37
202517,2025-12-18,PED-202517-00443,R0059,Força de Venda,SKU1009,1,2.26,48.34
202517,2025-12-18,PED-202517-00443,R0059,Força de Venda,SKU1016,2,5.84,50.94
202517,2025-12-18,PED-202517-00443,R0059,App,SKU1020,1,10.65,101.47
