nr_ciclo,cod_rev,flg_base,flg_base_ativa,flg_inicio,flg_reinicio,flg_perda
202501,R0001,1,0,1,0,0
202501,R0004,1,0,1,0,0
202501,R0005,1,0,1,0,0
202501,R0006,1,0,1,0,0
202501,R0008,1,0,1,0,0
202501,R0009,1,0,1,0,0
202501,R0010,1,0,1,0,0
202501,R0011,1,0,1,0,0
202501,R0012,1,0,1,0,0
202501,R0015,1,0,1,0,0
202501,R0017,1,0,1,0,0
202501,R0021,1,0,1,0,0
202501,R0022,1,0,1,0,0
202501,R0023,1,0,1,0,0
202501,R0025,1,0,1,0,0
202501,R0028,1,0,1,0,0
202501,R0030,1,0,1,0,0
202501,R0031,1,0,1,0,0
202501,R0033,1,0,1,0,0
202501,R0035,1,0,1,0,0
202501,R0039,1,0,1,0,0
202501,R0042,1,0,1,0,0
202501,R0047,1,0,1,0,0
202501,R0048,1,0,1,0,0
202501,R0054,1,0,1,0,0
202501,R0058,1,0,1,0,0
202502,R0001,1,1,0,0,0
202502,R0004,1,1,0,0,0
202502,R0005,1,1,0,0,0
202502,R0006,1,1,0,0,0
202502,R0007,1,0,1,0,0
202502,R0008,1,1,0,0,0
202502,R0009,1,1,0,0,0
202502,R0010,1,1,0,0,0
202502,R0011,1,1,0,0,0
202502,R0012,1,1,0,0,0
202502,R0013,1,0,1,0,0
202502,R0014,1,0,1,0,0
202502,R0015,1,1,0,0,0
202502,R0017,1,1,0,0,0
202502,R0019,1,0,1,0,0
202502,R0021,1,1,0,0,0
202502,R0022,1,1,0,0,0
202502,R0023,1,1,0,0,0
202502,R0024,1,0,1,0,0
202502,R0025,1,1,0,0,0
202502,R0026,1,0,1,0,0
202502,R0028,1,1,0,0,0
202502,R0030,1,1,0,0,0
202502,R0031,1,1,0,0,0
202502,R0032,1,0,1,0,0
202502,R0033,1,1,0,0,0
202502,R0035,1,1,0,0,0
202502,R0038,1,0,1,0,0
202502,R0039,1,1,0,0,0
202502,R0042,1,1,0,0,0
202502,R0043,1,0,1,0,0
202502,R0045,1,0,1,0,0
202502,R0047,1,1,0,0,0
202502,R0048,1,1,0,0,0
202502,R0049,1,0,1,0,0
202502,R0053,1,0,1,0,0
202502,R0054,1,1,0,0,0
202502,R0058,1,1,0,0,0
202502,R0059,1,0,1,0,0
202502,R0060,1,0,1,0,0
202503,R0001,1,1,0,0,0
202503,R0003,1,0,1,0,0
202503,R0004,1,1,0,0,0
202503,R0005,1,1,0,0,0
202503,R0006,1,1,0,0,0
202503,R0007,1,1,0,0,0
202503,R0008,1,1,0,0,0
202503,R0009,1,1,0,0,0
202503,R0010,1,1,0,0,0
202503,R0011,1,1,0,0,0
202503,R0012,1,1,0,0,0
202503,R0013,1,1,0,0,0
202503,R0014,1,1,0,0,0
202503,R0015,1,1,0,0,0
202503,R0016,1,0,1,0,0
202503,R0017,1,1,0,0,0
202503,R0019,1,1,0,0,0
202503,R0020,1,0,1,0,0
202503,R0021,1,1,0,0,0
202503,R0022,1,1,0,0,0
202503,R0023,1,1,0,0,0
202503,R0024,1,1,0,0,0
202503,R0025,1,1,0,0,0
202503,R0026,1,1,0,0,0
202503,R0028,1,1,0,0,0
202503,R0029,1,0,1,0,0
202503,R0030,1,1,0,0,0
202503,R0031,1,1,0,0,0
202503,R0032,1,1,0,0,0
202503,R0033,1,1,0,0,0
202503,R0035,1,1,0,0,0
202503,R0038,1,1,0,0,0
202503,R0039,1,1,0,0,0
202503,R0042,1,1,0,0,0
202503,R0043,1,1,0,0,0
202503,R0045,1,1,0,0,0
202503,R0047,1,1,0,0,0
202503,R0048,1,1,0,0,0
202503,R0049,1,1,0,0,0
202503,R0053,1,1,0,0,0
202503,R0054,1,1,0,0,0
202503,R0057,1,0,1,0,0
202503,R0058,1,1,0,0,0
202503,R0059,1,1,0,0,0
202503,R0060,1,1,0,0,0
202504,R0001,1,1,0,0,0
202504,R0002,1,0,1,0,0
202504,R0003,1,1,0,0,0
202504,R0004,1,1,0,0,0
202504,R0005,1,1,0,0,0
202504,R0006,1,1,0,0,0
202504,R0007,1,1,0,0,0
202504,R0008,1,1,0,0,0
202504,R0009,1,1,0,0,0
202504,R0010,1,1,0,0,0
202504,R0011,1,1,0,0,0
202504,R0012,1,1,0,0,0
202504,R0013,1,1,0,0,0
202504,R0014,1,1,0,0,0
202504,R0015,1,1,0,0,0
202504,R0016,1,1,0,0,0
202504,R0017,1,1,0,0,0
202504,R0018,1,0,1,0,0
202504,R0019,1,1,0,0,0
202504,R0020,1,1,0,0,0
202504,R0021,1,1,0,0,0
202504,R0022,1,1,0,0,0
202504,R0023,1,1,0,0,0
202504,R0024,1,1,0,0,0
202504,R0025,1,1,0,0,0
202504,R0026,1,1,0,0,0
202504,R0028,1,1,0,0,0
202504,R0029,1,1,0,0,0
202504,R0030,1,1,0,0,0
202504,R0031,1,1,0,0,0
202504,R0032,1,1,0,0,0
202504,R0033,1,1,0,0,0
202504,R0035,1,1,0,0,0
202504,R0036,1,0,1,0,0
202504,R0038,1,1,0,0,0
202504,R0039,1,1,0,0,0
202504,R0040,1,0,1,0,0
202504,R0042,1,1,0,0,0
202504,R0043,1,1,0,0,0
202504,R0045,1,1,0,0,0
202504,R0047,1,1,0,0,0
202504,R0048,1,1,0,0,0
202504,R0049,1,1,0,0,0
202504,R0051,1,0,1,0,0
202504,R0052,1,0,1,0,0
202504,R0053,1,1,0,0,0
202504,R0054,1,1,0,0,0
202504,R0055,1,0,1,0,0
202504,R0057,1,1,0,0,0
202504,R0058,1,1,0,0,0
202504,R0059,1,1,0,0,0
202504,R0060,1,1,0,0,0
202505,R0001,1,1,0,0,0
202505,R0002,1,1,0,0,0
202505,R0003,1,1,0,0,0
202505,R0004,1,1,0,0,0
202505,R0005,1,1,0,0,0
202505,R0006,1,1,0,0,0
202505,R0007,1,1,0,0,0
202505,R0008,1,1,0,0,0
202505,R0009,1,1,0,0,0
202505,R0010,1,1,0,0,0
202505,R0011,1,1,0,0,0
202505,R0012,1,1,0,0,0
202505,R0013,1,1,0,0,0
202505,R0014,1,1,0,0,0
202505,R0015,1,1,0,0,0
202505,R0016,1,1,0,0,0
202505,R0017,1,1,0,0,0
202505,R0018,1,1,0,0,0
202505,R0019,1,1,0,0,0
202505,R0020,1,1,0,0,0
202505,R0021,1,1,0,0,0
202505,R0022,1,1,0,0,0
202505,R0023,1,1,0,0,0
202505,R0024,1,1,0,0,0
202505,R0025,1,1,0,0,0
202505,R0026,1,1,0,0,0
202505,R0027,1,0,1,0,0
202505,R0028,1,1,0,0,0
202505,R0029,1,1,0,0,0
202505,R0030,1,1,0,0,0
202505,R0031,1,1,0,0,0
202505,R0032,1,1,0,0,0
202505,R0033,1,1,0,0,0
202505,R0034,1,0,1,0,0
202505,R0035,1,1,0,0,0
202505,R0036,1,1,0,0,0
202505,R0037,1,0,1,0,0
202505,R0038,1,1,0,0,0
202505,R0039,1,1,0,0,0
202505,R0040,1,1,0,0,0
202505,R0042,1,1,0,0,0
202505,R0043,1,1,0,0,0
202505,R0044,1,0,1,0,0
202505,R0045,1,1,0,0,0
202505,R0047,1,1,0,0,0
202505,R0048,1,1,0,0,0
202505,R0049,1,1,0,0,0
202505,R0051,1,1,0,0,0
202505,R0052,1,1,0,0,0
202505,R0053,1,1,0,0,0
202505,R0054,1,1,0,0,0
202505,R0055,1,1,0,0,0
202505,R0057,1,1,0,0,0
202505,R0058,1,1,0,0,0
202505,R0059,1,1,0,0,0
202505,R0060,1,1,0,0,0
202506,R0001,1,1,0,0,0
202506,R0002,1,1,0,0,0
202506,R0003,1,1,0,0,0
202506,R0004,1,1,0,0,0
202506,R0005,1,1,0,0,0
202506,R0006,1,1,0,0,0
202506,R0007,1,1,0,0,0
202506,R0008,1,1,0,0,0
202506,R0009,1,1,0,0,0
202506,R0010,1,1,0,0,0
202506,R0011,1,1,0,0,0
202506,R0012,1,1,0,0,0
202506,R0013,1,1,0,0,0
202506,R0014,1,1,0,0,0
202506,R0015,1,1,0,0,0
202506,R0016,1,1,0,0,0
202506,R0017,1,1,0,0,0
202506,R0018,1,1,0,0,0
202506,R0019,1,1,0,0,0
202506,R0020,1,1,0,0,0
202506,R0021,1,1,0,0,0
202506,R0022,1,1,0,0,0
202506,R0023,1,1,0,0,0
202506,R0024,1,1,0,0,0
202506,R0025,1,1,0,0,0
202506,R0026,1,1,0,0,0
202506,R0027,1,1,0,0,0
202506,R0028,1,1,0,0,0
202506,R0029,1,1,0,0,0
202506,R0030,1,1,0,0,0
202506,R0031,1,1,0,0,0
202506,R0032,1,1,0,0,0
202506,R0033,1,1,0,0,0
202506,R0034,1,1,0,0,0
202506,R0035,1,1,0,0,0
202506,R0036,1,1,0,0,0
202506,R0037,1,1,0,0,0
202506,R0038,1,1,0,0,0
202506,R0039,1,1,0,0,0
202506,R0040,1,1,0,0,0
202506,R0041,1,0,1,0,0
202506,R0042,1,1,0,0,0
202506,R0043,1,1,0,0,0
202506,R0044,1,1,0,0,0
202506,R0045,1,1,0,0,0
202506,R0047,1,1,0,0,0
202506,R0048,1,1,0,0,0
202506,R0049,1,1,0,0,0
202506,R0051,1,1,0,0,0
202506,R0052,1,1,0,0,0
202506,R0053,1,1,0,0,0
202506,R0054,1,1,0,0,0
202506,R0055,1,1,0,0,0
202506,R0056,1,0,1,0,0
202506,R0057,1,1,0,0,0
202506,R0058,1,1,0,0,0
202506,R0059,1,1,0,0,0
202506,R0060,1,1,0,0,0
202507,R0001,1,1,0,0,0
202507,R0002,1,1,0,0,0
202507,R0003,1,1,0,0,0
202507,R0004,1,1,0,0,0
202507,R0005,1,1,0,0,0
202507,R0006,1,1,0,0,0
202507,R0007,1,1,0,0,0
202507,R0008,1,1,0,0,0
202507,R0009,1,1,0,0,0
202507,R0010,1,1,0,0,0
202507,R0011,1,1,0,0,0
202507,R0012,1,1,0,0,0
202507,R0013,1,1,0,0,0
202507,R0014,1,1,0,0,0
202507,R0015,1,1,0,0,0
202507,R0016,1,1,0,0,0
202507,R0017,1,1,0,0,0
202507,R0018,1,1,0,0,0
202507,R0019,1,1,0,0,0
202507,R0020,1,1,0,0,0
202507,R0021,1,1,0,0,0
202507,R0022,1,1,0,0,0
202507,R0023,1,1,0,0,0
202507,R0024,1,1,0,0,0
202507,R0025,1,1,0,0,0
202507,R0026,1,1,0,0,0
202507,R0027,1,1,0,0,0
202507,R0028,1,1,0,0,0
202507,R0029,1,1,0,0,0
202507,R0030,1,1,0,0,0
202507,R0031,1,1,0,0,0
202507,R0032,1,1,0,0,0
202507,R0033,1,1,0,0,0
202507,R0034,1,1,0,0,0
202507,R0035,1,1,0,0,0
202507,R0036,1,1,0,0,0
202507,R0037,1,1,0,0,0
202507,R0038,1,1,0,0,0
202507,R0039,1,1,0,0,0
202507,R0040,1,1,0,0,0
202507,R0041,1,1,0,0,0
202507,R0042,1,1,0,0,0
202507,R0043,1,1,0,0,0
202507,R0044,1,1,0,0,0
202507,R0045,1,1,0,0,0
202507,R0047,1,1,0,0,0
202507,R0048,1,1,0,0,0
202507,R0049,1,1,0,0,0
202507,R0051,1,1,0,0,0
202507,R0052,1,1,0,0,0
202507,R0053,1,1,0,0,0
202507,R0054,1,1,0,0,0
202507,R0055,1,1,0,0,0
202507,R0056,1,1,0,0,0
202507,R0057,1,1,0,0,0
202507,R0058,1,1,0,0,0
202507,R0059,1,1,0,0,0
202507,R0060,1,1,0,0,0
202508,R0001,1,1,0,0,0
202508,R0002,1,1,0,0,0
202508,R0003,1,1,0,0,0
202508,R0004,1,1,0,0,0
202508,R0005,1,1,0,0,0
202508,R0006,1,1,0,0,0
202508,R0007,1,1,0,0,0
202508,R0008,1,1,0,0,0
202508,R0009,1,1,0,0,0
202508,R0010,1,1,0,0,0
202508,R0011,1,1,0,0,0
202508,R0012,1,1,0,0,0
202508,R0013,1,1,0,0,0
202508,R0014,1,1,0,0,0
202508,R0015,1,1,0,0,0
202508,R0016,1,1,0,0,0
202508,R0017,1,1,0,0,0
202508,R0018,1,1,0,0,0
202508,R0019,1,1,0,0,0
202508,R0020,1,1,0,0,0
202508,R0021,1,1,0,0,0
202508,R0022,1,1,0,0,0
202508,R0023,1,1,0,0,0
202508,R0024,1,1,0,0,0
202508,R0025,1,1,0,0,0
202508,R0026,1,1,0,0,0
202508,R0027,1,1,0,0,0
202508,R0028,1,1,0,0,0
202508,R0029,1,1,0,0,0
202508,R0030,1,1,0,0,0
202508,R0031,1,1,0,0,0
202508,R0032,1,1,0,0,0
202508,R0033,1,1,0,0,0
202508,R0034,1,1,0,0,0
202508,R0035,1,1,0,0,0
202508,R0036,1,1,0,0,0
202508,R0037,1,1,0,0,0
202508,R0038,1,1,0,0,0
202508,R0039,1,1,0,0,0
202508,R0040,1,1,0,0,0
202508,R0041,1,1,0,0,0
202508,R0042,1,1,0,0,0
202508,R0043,1,1,0,0,0
202508,R0044,1,1,0,0,0
202508,R0045,1,1,0,0,0
202508,R0047,1,1,0,0,0
202508,R0048,1,1,0,0,0
202508,R0049,1,1,0,0,0
202508,R0051,1,1,0,0,0
202508,R0052,1,1,0,0,0
202508,R0053,1,1,0,0,1
202508,R0054,1,1,0,0,0
202508,R0055,1,1,0,0,0
202508,R0056,1,1,0,0,0
202508,R0057,1,1,0,0,0
202508,R0058,1,1,0,0,0
202508,R0059,1,1,0,0,0
202508,R0060,1,1,0,0,1
202509,R0001,1,1,0,0,0
202509,R0002,1,1,0,0,0
202509,R0003,1,1,0,0,0
202509,R0004,1,1,0,0,0
202509,R0005,1,1,0,0,0
202509,R0006,1,1,0,0,0
202509,R0007,1,1,0,0,0
202509,R0008,1,1,0,0,0
202509,R0009,1,1,0,0,0
202509,R0010,1,1,0,0,0
202509,R0011,1,1,0,0,0
202509,R0012,1,1,0,0,0
202509,R0013,1,1,0,0,0
202509,R0014,1,1,0,0,0
202509,R0015,1,1,0,0,0
202509,R0016,1,1,0,0,0
202509,R0017,1,1,0,0,0
202509,R0018,1,1,0,0,0
202509,R0019,1,1,0,0,0
202509,R0020,1,1,0,0,0
202509,R0021,1,1,0,0,0
202509,R0022,1,1,0,0,0
202509,R0023,1,1,0,0,0
202509,R0024,1,1,0,0,0
202509,R0025,1,1,0,0,0
202509,R0026,1,1,0,0,1
202509,R0027,1,1,0,0,0
202509,R0028,1,1,0,0,0
202509,R0029,1,1,0,0,0
202509,R0030,1,1,0,0,0
202509,R0031,1,1,0,0,0
202509,R0032,1,1,0,0,0
202509,R0033,1,1,0,0,0
202509,R0034,1,1,0,0,0
202509,R0035,1,1,0,0,0
202509,R0036,1,1,0,0,0
202509,R0037,1,1,0,0,0
202509,R0038,1,1,0,0,0
202509,R0039,1,1,0,0,0
202509,R0040,1,1,0,0,0
202509,R0041,1,1,0,0,0
202509,R0042,1,1,0,0,0
202509,R0043,1,1,0,0,0
202509,R0044,1,1,0,0,0
202509,R0045,1,1,0,0,0
202509,R0046,1,0,1,0,0
202509,R0047,1,1,0,0,0
202509,R0048,1,1,0,0,0
202509,R0049,1,1,0,0,0
202509,R0050,1,0,1,0,0
202509,R0051,1,1,0,0,0
202509,R0052,1,1,0,0,0
202509,R0053,1,0,0,1,0
202509,R0054,1,1,0,0,0
202509,R0055,1,1,0,0,0
202509,R0056,1,1,0,0,0
202509,R0057,1,1,0,0,0
202509,R0058,1,1,0,0,0
202509,R0059,1,1,0,0,0
202510,R0001,1,1,0,0,0
202510,R0002,1,1,0,0,0
202510,R0003,1,1,0,0,0
202510,R0004,1,1,0,0,0
202510,R0005,1,1,0,0,0
202510,R0006,1,1,0,0,0
202510,R0007,1,1,0,0,0
202510,R0008,1,1,0,0,0
202510,R0009,1,1,0,0,0
202510,R0010,1,1,0,0,0
202510,R0011,1,1,0,0,0
202510,R0012,1,1,0,0,0
202510,R0013,1,1,0,0,0
202510,R0014,1,1,0,0,0
202510,R0015,1,1,0,0,0
202510,R0016,1,1,0,0,0
202510,R0017,1,1,0,0,0
202510,R0018,1,1,0,0,0
202510,R0019,1,1,0,0,0
202510,R0020,1,1,0,0,0
202510,R0021,1,1,0,0,0
202510,R0022,1,1,0,0,0
202510,R0023,1,1,0,0,0
202510,R0024,1,1,0,0,0
202510,R0025,1,1,0,0,0
202510,R0027,1,1,0,0,0
202510,R0028,1,1,0,0,0
202510,R0029,1,1,0,0,0
202510,R0030,1,1,0,0,0
202510,R0031,1,1,0,0,0
202510,R0032,1,1,0,0,0
202510,R0033,1,1,0,0,0
202510,R0034,1,1,0,0,0
202510,R0035,1,1,0,0,0
202510,R0036,1,1,0,0,0
202510,R0037,1,1,0,0,0
202510,R0038,1,1,0,0,0
202510,R0039,1,1,0,0,0
202510,R0040,1,1,0,0,0
202510,R0041,1,1,0,0,0
202510,R0042,1,1,0,0,0
202510,R0043,1,1,0,0,0
202510,R0044,1,1,0,0,0
202510,R0045,1,1,0,0,0
202510,R0046,1,1,0,0,0
202510,R0047,1,1,0,0,0
202510,R0048,1,1,0,0,0
202510,R0049,1,1,0,0,0
202510,R0050,1,1,0,0,0
202510,R0051,1,1,0,0,0
202510,R0052,1,1,0,0,0
202510,R0053,1,1,0,0,0
202510,R0054,1,1,0,0,0
202510,R0055,1,1,0,0,0
202510,R0056,1,1,0,0,0
202510,R0057,1,1,0,0,0
202510,R0058,1,1,0,0,0
202510,R0059,1,1,0,0,0
202511,R0001,1,1,0,0,0
202511,R0002,1,1,0,0,0
202511,R0003,1,1,0,0,0
202511,R0004,1,1,0,0,0
202511,R0005,1,1,0,0,0
202511,R0006,1,1,0,0,0
202511,R0007,1,1,0,0,0
202511,R0008,1,1,0,0,0
202511,R0009,1,1,0,0,0
202511,R0010,1,1,0,0,0
202511,R0011,1,1,0,0,0
202511,R0012,1,1,0,0,0
202511,R0013,1,1,0,0,0
202511,R0014,1,1,0,0,0
202511,R0015,1,1,0,0,0
202511,R0016,1,1,0,0,0
202511,R0017,1,1,0,0,0
202511,R0018,1,1,0,0,0
202511,R0019,1,1,0,0,0
202511,R0020,1,1,0,0,0
202511,R0021,1,1,0,0,0
202511,R0022,1,1,0,0,0
202511,R0023,1,1,0,0,0
202511,R0024,1,1,0,0,0
202511,R0025,1,1,0,0,0
202511,R0027,1,1,0,0,0
202511,R0028,1,1,0,0,0
202511,R0029,1,1,0,0,0
202511,R0030,1,1,0,0,0
202511,R0031,1,1,0,0,0
202511,R0032,1,1,0,0,0
202511,R0033,1,1,0,0,0
202511,R0034,1,1,0,0,0
202511,R0035,1,1,0,0,0
202511,R0036,1,1,0,0,0
202511,R0037,1,1,0,0,0
202511,R0038,1,1,0,0,0
202511,R0039,1,1,0,0,0
202511,R0040,1,1,0,0,0
202511,R0041,1,1,0,0,0
202511,R0042,1,1,0,0,0
202511,R0043,1,1,0,0,0
202511,R0044,1,1,0,0,1
202511,R0045,1,1,0,0,1
202511,R0046,1,1,0,0,0
202511,R0047,1,1,0,0,0
202511,R0048,1,1,0,0,0
202511,R0049,1,1,0,0,0
202511,R0050,1,1,0,0,0
202511,R0051,1,1,0,0,0
202511,R0052,1,1,0,0,0
202511,R0053,1,1,0,0,0
202511,R0054,1,1,0,0,0
202511,R0055,1,1,0,0,1
202511,R0056,1,1,0,0,0
202511,R0057,1,1,0,0,0
202511,R0058,1,1,0,0,0
202511,R0059,1,1,0,0,0
202512,R0001,1,1,0,0,0
202512,R0002,1,1,0,0,0
202512,R0003,1,1,0,0,0
202512,R0004,1,1,0,0,0
202512,R0005,1,1,0,0,0
202512,R0006,1,1,0,0,0
202512,R0007,1,1,0,0,0
202512,R0008,1,1,0,0,0
202512,R0009,1,1,0,0,0
202512,R0010,1,1,0,0,0
202512,R0011,1,1,0,0,0
202512,R0012,1,1,0,0,0
202512,R0013,1,1,0,0,0
202512,R0014,1,1,0,0,0
202512,R0015,1,1,0,0,0
202512,R0016,1,1,0,0,0
202512,R0017,1,1,0,0,0
202512,R0018,1,1,0,0,0
202512,R0019,1,1,0,0,0
202512,R0020,1,1,0,0,0
202512,R0021,1,1,0,0,0
202512,R0022,1,1,0,0,0
202512,R0023,1,1,0,0,0
202512,R0024,1,1,0,0,0
202512,R0025,1,1,0,0,0
202512,R0026,1,0,0,1,0
202512,R0027,1,1,0,0,0
202512,R0028,1,1,0,0,0
202512,R0029,1,1,0,0,0
202512,R0030,1,1,0,0,0
202512,R0031,1,1,0,0,0
202512,R0032,1,1,0,0,0
202512,R0033,1,1,0,0,0
202512,R0034,1,1,0,0,0
202512,R0035,1,1,0,0,0
202512,R0036,1,1,0,0,1
202512,R0037,1,1,0,0,0
202512,R0038,1,1,0,0,0
202512,R0039,1,1,0,0,0
202512,R0040,1,1,0,0,0
202512,R0041,1,1,0,0,0
202512,R0042,1,1,0,0,0
202512,R0043,1,1,0,0,0
202512,R0045,1,0,0,1,0
202512,R0046,1,1,0,0,0
202512,R0047,1,1,0,0,0
202512,R0048,1,1,0,0,1
202512,R0049,1,1,0,0,0
202512,R0050,1,1,0,0,0
202512,R0051,1,1,0,0,0
202512,R0052,1,1,0,0,0
202512,R0053,1,1,0,0,0
202512,R0054,1,1,0,0,0
202512,R0056,1,1,0,0,1
202512,R0057,1,1,0,0,0
202512,R0058,1,1,0,0,0
202512,R0059,1,1,0,0,0
202512,R0060,1,0,0,1,0
202513,R0001,1,1,0,0,0
202513,R0002,1,1,0,0,0
202513,R0003,1,1,0,0,0
202513,R0004,1,1,0,0,0
202513,R0005,1,1,0,0,0
202513,R0006,1,1,0,0,0
202513,R0007,1,1,0,0,0
202513,R0008,1,1,0,0,0
202513,R0009,1,1,0,0,0
202513,R0010,1,1,0,0,0
202513,R0011,1,1,0,0,0
202513,R0012,1,1,0,0,0
202513,R0013,1,1,0,0,0
202513,R0014,1,1,0,0,0
202513,R0015,1,1,0,0,0
202513,R0016,1,1,0,0,0
202513,R0017,1,1,0,0,0
202513,R0018,1,1,0,0,0
202513,R0019,1,1,0,0,0
202513,R0020,1,1,0,0,0
202513,R0021,1,1,0,0,0
202513,R0022,1,1,0,0,0
202513,R0023,1,1,0,0,0
202513,R0024,1,1,0,0,0
202513,R0025,1,1,0,0,0
202513,R0026,1,1,0,0,0
202513,R0027,1,1,0,0,0
202513,R0028,1,1,0,0,0
202513,R0029,1,1,0,0,0
202513,R0030,1,1,0,0,0
202513,R0031,1,1,0,0,0
202513,R0032,1,1,0,0,0
202513,R0033,1,1,0,0,0
202513,R0034,1,1,0,0,0
202513,R0035,1,1,0,0,0
202513,R0037,1,1,0,0,0
202513,R0038,1,1,0,0,0
202513,R0039,1,1,0,0,0
202513,R0040,1,1,0,0,0
202513,R0041,1,1,0,0,0
202513,R0042,1,1,0,0,0
202513,R0043,1,1,0,0,0
202513,R0044,1,0,0,1,0
202513,R0045,1,1,0,0,0
202513,R0046,1,1,0,0,0
202513,R0047,1,1,0,0,0
202513,R0049,1,1,0,0,0
202513,R0050,1,1,0,0,0
202513,R0051,1,1,0,0,0
202513,R0052,1,1,0,0,0
202513,R0053,1,1,0,0,0
202513,R0054,1,1,0,0,0
202513,R0057,1,1,0,0,0
202513,R0058,1,1,0,0,0
202513,R0059,1,1,0,0,0
202513,R0060,1,1,0,0,0
202514,R0001,1,1,0,0,0
202514,R0002,1,1,0,0,0
202514,R0003,1,1,0,0,0
202514,R0004,1,1,0,0,0
202514,R0005,1,1,0,0,0
202514,R0006,1,1,0,0,0
202514,R0007,1,1,0,0,0
202514,R0008,1,1,0,0,0
202514,R0009,1,1,0,0,0
202514,R0010,1,1,0,0,0
202514,R0011,1,1,0,0,0
202514,R0012,1,1,0,0,0
202514,R0013,1,1,0,0,0
202514,R0014,1,1,0,0,0
202514,R0015,1,1,0,0,0
202514,R0016,1,1,0,0,0
202514,R0017,1,1,0,0,0
202514,R0018,1,1,0,0,0
202514,R0019,1,1,0,0,0
202514,R0020,1,1,0,0,0
202514,R0021,1,1,0,0,0
202514,R0022,1,1,0,0,0
202514,R0023,1,1,0,0,0
202514,R0024,1,1,0,0,0
202514,R0025,1,1,0,0,0
202514,R0026,1,1,0,0,0
202514,R0027,1,1,0,0,0
202514,R0028,1,1,0,0,0
202514,R0029,1,1,0,0,0
202514,R0030,1,1,0,0,0
202514,R0031,1,1,0,0,0
202514,R0032,1,1,0,0,0
202514,R0033,1,1,0,0,0
202514,R0034,1,1,0,0,0
202514,R0035,1,1,0,0,0
202514,R0037,1,1,0,0,0
202514,R0038,1,1,0,0,0
202514,R0039,1,1,0,0,0
202514,R0040,1,1,0,0,0
202514,R0041,1,1,0,0,0
202514,R0042,1,1,0,0,0
202514,R0043,1,1,0,0,0
202514,R0044,1,1,0,0,0
202514,R0045,1,1,0,0,0
202514,R0046,1,1,0,0,0
202514,R0047,1,1,0,0,0
202514,R0049,1,1,0,0,0
202514,R0050,1,1,0,0,0
202514,R0051,1,1,0,0,0
202514,R0052,1,1,0,0,0
202514,R0053,1,1,0,0,0
202514,R0054,1,1,0,0,0
202514,R0057,1,1,0,0,0
202514,R0058,1,1,0,0,0
202514,R0059,1,1,0,0,0
202514,R0060,1,1,0,0,0
202515,R0001,1,1,0,0,0
202515,R0002,1,1,0,0,0
202515,R0003,1,1,0,0,0
202515,R0004,1,1,0,0,0
202515,R0005,1,1,0,0,0
202515,R0006,1,1,0,0,0
202515,R0007,1,1,0,0,0
202515,R0008,1,1,0,0,0
202515,R0009,1,1,0,0,0
202515,R0010,1,1,0,0,0
202515,R0011,1,1,0,0,0
202515,R0012,1,1,0,0,0
202515,R0013,1,1,0,0,0
202515,R0014,1,1,0,0,0
202515,R0015,1,1,0,0,0
202515,R0016,1,1,0,0,0
202515,R0017,1,1,0,0,1
202515,R0018,1,1,0,0,0
202515,R0019,1,1,0,0,0
202515,R0020,1,1,0,0,0
202515,R0021,1,1,0,0,0
202515,R0022,1,1,0,0,0
202515,R0023,1,1,0,0,0
202515,R0024,1,1,0,0,0
202515,R0025,1,1,0,0,0
202515,R0026,1,1,0,0,0
202515,R0027,1,1,0,0,0
202515,R0028,1,1,0,0,0
202515,R0029,1,1,0,0,0
202515,R0030,1,1,0,0,0
202515,R0031,1,1,0,0,0
202515,R0032,1,1,0,0,0
202515,R0033,1,1,0,0,0
202515,R0034,1,1,0,0,0
202515,R0035,1,1,0,0,0
202515,R0037,1,1,0,0,0
202515,R0038,1,1,0,0,0
202515,R0039,1,1,0,0,0
202515,R0040,1,1,0,0,0
202515,R0041,1,1,0,0,0
202515,R0042,1,1,0,0,0
202515,R0043,1,1,0,0,0
202515,R0044,1,1,0,0,0
202515,R0045,1,1,0,0,0
202515,R0046,1,1,0,0,1
202515,R0047,1,1,0,0,0
202515,R0048,1,0,0,1,0
202515,R0049,1,1,0,0,0
202515,R0050,1,1,0,0,0
202515,R0051,1,1,0,0,0
202515,R0052,1,1,0,0,0
202515,R0053,1,1,0,0,0
202515,R0054,1,1,0,0,0
202515,R0057,1,1,0,0,0
202515,R0058,1,1,0,0,0
202515,R0059,1,1,0,0,0
202515,R0060,1,1,0,0,0
202516,R0001,1,1,0,0,0
202516,R0002,1,1,0,0,0
202516,R0003,1,1,0,0,0
202516,R0004,1,1,0,0,0
202516,R0005,1,1,0,0,0
202516,R0006,1,1,0,0,0
202516,R0007,1,1,0,0,0
202516,R0008,1,1,0,0,0
202516,R0009,1,1,0,0,0
202516,R0010,1,1,0,0,0
202516,R0011,1,1,0,0,0
202516,R0012,1,1,0,0,0
202516,R0013,1,1,0,0,0
202516,R0014,1,1,0,0,0
202516,R0015,1,1,0,0,0
202516,R0016,1,1,0,0,0
202516,R0017,1,0,0,1,0
202516,R0018,1,1,0,0,0
202516,R0019,1,1,0,0,0
202516,R0020,1,1,0,0,0
202516,R0021,1,1,0,0,0
202516,R0022,1,1,0,0,0
202516,R0023,1,1,0,0,0
202516,R0024,1,1,0,0,0
202516,R0025,1,1,0,0,0
202516,R0026,1,1,0,0,0
202516,R0027,1,1,0,0,0
202516,R0028,1,1,0,0,0
202516,R0029,1,1,0,0,0
202516,R0030,1,1,0,0,0
202516,R0031,1,1,0,0,0
202516,R0032,1,1,0,0,0
202516,R0033,1,1,0,0,1
202516,R0034,1,1,0,0,0
202516,R0035,1,1,0,0,0
202516,R0036,1,0,0,1,0
202516,R0037,1,1,0,0,0
202516,R0038,1,1,0,0,0
202516,R0039,1,1,0,0,0
202516,R0040,1,1,0,0,0
202516,R0041,1,1,0,0,0
202516,R0042,1,1,0,0,0
202516,R0043,1,1,0,0,0
202516,R0044,1,1,0,0,0
202516,R0045,1,1,0,0,0
202516,R0046,1,0,0,1,0
202516,R0047,1,1,0,0,0
202516,R0048,1,1,0,0,0
202516,R0049,1,1,0,0,0
202516,R0050,1,1,0,0,0
202516,R0051,1,1,0,0,0
202516,R0052,1,1,0,0,0
202516,R0053,1,1,0,0,0
202516,R0054,1,1,0,0,0
202516,R0055,1,0,0,1,0
202516,R0057,1,1,0,0,0
202516,R0058,1,1,0,0,0
202516,R0059,1,1,0,0,0
202516,R0060,1,1,0,0,0
202517,R0001,1,1,0,0,0
202517,R0002,1,1,0,0,0
202517,R0003,1,1,0,0,0
202517,R0004,1,1,0,0,0
202517,R0005,1,1,0,0,0
202517,R0006,1,1,0,0,0
202517,R0007,1,1,0,0,0
202517,R0008,1,1,0,0,0
202517,R0009,1,1,0,0,0
202517,R0010,1,1,0,0,0
202517,R0011,1,1,0,0,0
202517,R0012,1,1,0,0,0
202517,R0013,1,1,0,0,0
202517,R0014,1,1,0,0,0
202517,R0015,1,1,0,0,0
202517,R0016,1,1,0,0,0
202517,R0017,1,1,0,0,0
202517,R0018,1,1,0,0,0
202517,R0019,1,1,0,0,0
202517,R0020,1,1,0,0,0
202517,R0021,1,1,0,0,0
202517,R0022,1,1,0,0,0
202517,R0023,1,1,0,0,0
202517,R0024,1,1,0,0,0
202517,R0025,1,1,0,0,0
202517,R0026,1,1,0,0,0
202517,R0027,1,1,0,0,0
202517,R0028,1,1,0,0,0
202517,R0029,1,1,0,0,0
202517,R0030,1,1,0,0,0
202517,R0031,1,1,0,0,0
202517,R0032,1,1,0,0,0
202517,R0033,1,0,0,1,0
202517,R0034,1,1,0,0,0
202517,R0035,1,1,0,0,0
202517,R0036,1,1,0,0,0
202517,R0037,1,1,0,0,0
202517,R0038,1,1,0,0,0
202517,R0039,1,1,0,0,0
202517,R0040,1,1,0,0,0
202517,R0041,1,1,0,0,0
202517,R0042,1,1,0,0,0
202517,R0043,1,1,0,0,0
202517,R0044,1,1,0,0,0
202517,R0045,1,1,0,0,0
202517,R0046,1,1,0,0,0
202517,R0047,1,1,0,0,0
202517,R0048,1,1,0,0,0
202517,R0049,1,1,0,0,1
202517,R0050,1,1,0,0,1
202517,R0051,1,1,0,0,0
202517,R0052,1,1,0,0,0
202517,R0053,1,1,0,0,1
202517,R0054,1,1,0,0,0
202517,R0055,1,1,0,0,0
202517,R0057,1,1,0,0,0
202517,R0058,1,1,0,0,0
202517,R0059,1,1,0,0,0
202517,R0060,1,1,0,0,0
